symbol,cik,accession,okres,data_zlozenia,akceptacja_et,klasa,sesja_reakcji,znacznik_json,json_zgodny
NVDA,1045810,0001045810-19-000077,2019-05-16,2019-05-16,2019-05-16 16:22:47,AMC,2019-05-17,2019-05-16T20:22:47.000Z,tak
AVGO,1730168,0001193125-19-172516,2019-06-11,2019-06-13,2019-06-13 16:23:31,AMC,2019-06-14,2019-06-13T20:23:31.000Z,tak
TSLA,1318605,0001564590-19-024414,2019-07-02,2019-07-02,2019-07-02 16:22:57,AMC,2019-07-03,2019-07-02T20:22:57.000Z,tak
MSFT,789019,0001193125-19-196501,2019-07-18,2019-07-18,2019-07-18 16:03:33,AMC,2019-07-19,2019-07-18T16:03:33.000Z,NIE
META,1326801,0001326801-19-000053,2019-07-24,2019-07-24,2019-07-24 16:27:15,AMC,2019-07-25,2019-07-24T20:27:15.000Z,tak
TSLA,1318605,0001564590-19-025855,2019-07-24,2019-07-24,2019-07-24 16:56:43,AMC,2019-07-25,2019-07-24T20:56:43.000Z,tak
GOOGL,1652044,0001652044-19-000021,2019-07-25,2019-07-25,2019-07-25 16:01:22,AMC,2019-07-26,2019-07-25T20:01:22.000Z,tak
AMZN,1018724,0001018724-19-000069,2019-07-25,2019-07-25,2019-07-25 16:33:27,AMC,2019-07-26,2019-07-25T20:33:27.000Z,tak
AAPL,320193,0000320193-19-000073,2019-07-30,2019-07-30,2019-07-30 16:30:36,AMC,2019-07-31,2019-07-30T20:30:36.000Z,tak
NVDA,1045810,0001045810-19-000140,2019-08-15,2019-08-15,2019-08-15 16:27:50,AMC,2019-08-16,2019-08-15T20:27:50.000Z,tak
AVGO,1730168,0001193125-19-243919,2019-09-12,2019-09-12,2019-09-12 16:25:03,AMC,2019-09-13,2019-09-12T20:25:03.000Z,tak
TSLA,1318605,0001564590-19-036274,2019-09-26,2019-10-02,2019-10-02 17:26:27,AMC,2019-10-03,2019-10-02T21:26:27.000Z,tak
MSFT,789019,0001193125-19-272562,2019-10-23,2019-10-23,2019-10-23 16:06:06,AMC,2019-10-24,2019-10-23T16:06:06.000Z,NIE
TSLA,1318605,0001564590-19-037581,2019-10-23,2019-10-23,2019-10-23 17:25:52,AMC,2019-10-24,2019-10-23T21:25:52.000Z,tak
AMZN,1018724,0001018724-19-000087,2019-10-24,2019-10-24,2019-10-24 19:53:55,AMC,2019-10-25,2019-10-24T23:53:55.000Z,tak
GOOGL,1652044,0001652044-19-000030,2019-10-28,2019-10-28,2019-10-28 16:03:38,AMC,2019-10-29,2019-10-28T20:03:38.000Z,tak
META,1326801,0001326801-19-000066,2019-10-27,2019-10-30,2019-10-30 16:13:02,AMC,2019-10-31,2019-10-30T20:13:02.000Z,tak
AAPL,320193,0000320193-19-000117,2019-10-30,2019-10-30,2019-10-30 16:30:40,AMC,2019-10-31,2019-10-30T20:30:40.000Z,tak
NVDA,1045810,0001045810-19-000168,2019-11-14,2019-11-14,2019-11-14 16:21:53,AMC,2019-11-15,2019-11-14T21:21:53.000Z,tak
AVGO,1730168,0001193125-19-312797,2019-12-10,2019-12-12,2019-12-12 16:39:14,AMC,2019-12-13,2019-12-12T21:39:14.000Z,tak
TSLA,1318605,0001564590-20-000161,2020-01-03,2020-01-03,2020-01-03 08:21:52,BMO,2020-01-03,2020-01-03T13:21:52.000Z,tak
AAPL,320193,0000320193-20-000008,2020-01-28,2020-01-28,2020-01-28 16:30:40,AMC,2020-01-29,2020-01-28T21:30:40.000Z,tak
MSFT,789019,0001193125-20-018383,2020-01-29,2020-01-29,2020-01-29 16:03:50,AMC,2020-01-30,2020-01-29T16:03:50.000Z,NIE
META,1326801,0001326801-20-000010,2020-01-29,2020-01-29,2020-01-29 16:10:08,AMC,2020-01-30,2020-01-29T21:10:08.000Z,tak
TSLA,1318605,0001564590-20-002489,2020-01-29,2020-01-29,2020-01-29 17:12:18,AMC,2020-01-30,2020-01-29T22:12:18.000Z,tak
AMZN,1018724,0001018724-20-000002,2020-01-30,2020-01-30,2020-01-30 16:46:49,AMC,2020-01-31,2020-01-30T21:46:49.000Z,tak
GOOGL,1652044,0001652044-20-000004,2020-02-03,2020-02-03,2020-02-03 16:02:04,AMC,2020-02-04,2020-02-03T21:02:04.000Z,tak
NVDA,1045810,0001045810-20-000007,2020-02-13,2020-02-13,2020-02-13 16:21:20,AMC,2020-02-14,2020-02-13T21:21:20.000Z,tak
AVGO,1730168,0001193125-20-071608,2020-03-12,2020-03-12,2020-03-12 16:23:24,AMC,2020-03-13,2020-03-12T20:23:24.000Z,tak
TSLA,1318605,0001564590-20-014992,2020-04-02,2020-04-02,2020-04-02 16:09:37,AMC,2020-04-03,2020-04-02T20:09:37.000Z,tak
GOOGL,1652044,0001652044-20-000018,2020-04-28,2020-04-28,2020-04-28 16:01:47,AMC,2020-04-29,2020-04-28T20:01:47.000Z,tak
MSFT,789019,0001193125-20-126089,2020-04-29,2020-04-29,2020-04-29 16:03:54,AMC,2020-04-30,2020-04-29T16:03:54.000Z,NIE
META,1326801,0001326801-20-000046,2020-04-29,2020-04-29,2020-04-29 16:10:26,AMC,2020-04-30,2020-04-29T20:10:26.000Z,tak
TSLA,1318605,0001564590-20-019776,2020-04-29,2020-04-29,2020-04-29 16:56:22,AMC,2020-04-30,2020-04-29T20:56:22.000Z,tak
AAPL,320193,0000320193-20-000050,2020-04-30,2020-04-30,2020-04-30 16:30:41,AMC,2020-05-01,2020-04-30T20:30:41.000Z,tak
AMZN,1018724,0001018724-20-000008,2020-04-30,2020-04-30,2020-04-30 16:42:20,AMC,2020-05-01,2020-04-30T20:42:20.000Z,tak
NVDA,1045810,0001045810-20-000063,2020-05-21,2020-05-21,2020-05-21 16:22:07,AMC,2020-05-22,2020-05-21T20:22:07.000Z,tak
AVGO,1730168,0001730168-20-000099,2020-06-04,2020-06-04,2020-06-04 16:29:23,AMC,2020-06-05,2020-06-04T20:29:23.000Z,tak
TSLA,1318605,0001564590-20-031568,2020-07-02,2020-07-02,2020-07-02 08:01:54,BMO,2020-07-02,2020-07-02T12:01:54.000Z,tak
MSFT,789019,0001193125-20-197109,2020-07-22,2020-07-22,2020-07-22 16:03:04,AMC,2020-07-23,2020-07-22T16:03:04.000Z,NIE
TSLA,1318605,0001564590-20-033069,2020-07-22,2020-07-22,2020-07-22 16:54:41,AMC,2020-07-23,2020-07-22T20:54:41.000Z,tak
GOOGL,1652044,0001652044-20-000031,2020-07-30,2020-07-30,2020-07-30 18:40:20,AMC,2020-07-31,2020-07-30T22:40:20.000Z,tak
AAPL,320193,0000320193-20-000060,2020-07-30,2020-07-30,2020-07-30 18:55:04,AMC,2020-07-31,2020-07-30T22:55:04.000Z,tak
AMZN,1018724,0001018724-20-000019,2020-07-30,2020-07-30,2020-07-30 19:05:15,AMC,2020-07-31,2020-07-30T23:05:15.000Z,tak
META,1326801,0001326801-20-000073,2020-07-30,2020-07-30,2020-07-30 19:18:23,AMC,2020-07-31,2020-07-30T23:18:23.000Z,tak
NVDA,1045810,0001045810-20-000145,2020-08-19,2020-08-19,2020-08-19 16:21:46,AMC,2020-08-20,2020-08-19T20:21:46.000Z,tak
AVGO,1730168,0001730168-20-000154,2020-09-03,2020-09-03,2020-09-03 16:17:44,AMC,2020-09-04,2020-09-03T20:17:44.000Z,tak
TSLA,1318605,0001564590-20-045592,2020-10-02,2020-10-02,2020-10-02 08:00:56,BMO,2020-10-02,2020-10-02T12:00:56.000Z,tak
TSLA,1318605,0001564590-20-047108,2020-10-21,2020-10-21,2020-10-21 16:38:49,AMC,2020-10-22,2020-10-21T20:38:49.000Z,tak
MSFT,789019,0001193125-20-278410,2020-10-27,2020-10-27,2020-10-27 16:12:57,AMC,2020-10-28,2020-10-27T16:12:57.000Z,NIE
GOOGL,1652044,0001652044-20-000046,2020-10-29,2020-10-29,2020-10-29 16:01:25,AMC,2020-10-30,2020-10-29T20:01:25.000Z,tak
META,1326801,0001326801-20-000081,2020-10-29,2020-10-29,2020-10-29 16:07:58,AMC,2020-10-30,2020-10-29T20:07:58.000Z,tak
AAPL,320193,0000320193-20-000094,2020-10-29,2020-10-29,2020-10-29 16:30:32,AMC,2020-10-30,2020-10-29T20:30:32.000Z,tak
AMZN,1018724,0001018724-20-000028,2020-10-29,2020-10-29,2020-10-29 16:42:03,AMC,2020-10-30,2020-10-29T20:42:03.000Z,tak
NVDA,1045810,0001045810-20-000187,2020-11-18,2020-11-18,2020-11-18 16:21:51,AMC,2020-11-19,2020-11-18T21:21:51.000Z,tak
AVGO,1730168,0001730168-20-000201,2020-12-10,2020-12-10,2020-12-10 16:19:56,AMC,2020-12-11,2020-12-10T21:19:56.000Z,tak
TSLA,1318605,0001564590-21-000008,2021-01-02,2021-01-04,2021-01-04 06:05:26,BMO,2021-01-04,2021-01-04T11:05:26.000Z,tak
MSFT,789019,0001193125-21-017683,2021-01-26,2021-01-26,2021-01-26 16:04:05,AMC,2021-01-27,2021-01-26T16:04:05.000Z,NIE
META,1326801,0001326801-21-000011,2021-01-27,2021-01-27,2021-01-27 16:08:08,AMC,2021-01-28,2021-01-27T21:08:08.000Z,tak
AAPL,320193,0000320193-21-000009,2021-01-27,2021-01-27,2021-01-27 16:30:35,AMC,2021-01-28,2021-01-27T21:30:35.000Z,tak
TSLA,1318605,0001564590-21-002645,2021-01-27,2021-01-27,2021-01-27 17:11:12,AMC,2021-01-28,2021-01-27T22:11:12.000Z,tak
GOOGL,1652044,0001652044-21-000006,2021-02-02,2021-02-02,2021-02-02 16:01:27,AMC,2021-02-03,2021-02-02T21:01:27.000Z,tak
AMZN,1018724,0001018724-21-000002,2021-02-02,2021-02-02,2021-02-02 16:30:08,AMC,2021-02-03,2021-02-02T21:30:08.000Z,tak
NVDA,1045810,0001045810-21-000007,2021-02-24,2021-02-24,2021-02-24 16:22:27,AMC,2021-02-25,2021-02-24T21:22:27.000Z,tak
AVGO,1730168,0001730168-21-000026,2021-03-04,2021-03-04,2021-03-04 16:18:53,AMC,2021-03-05,2021-03-04T21:18:53.000Z,tak
TSLA,1318605,0001564590-21-017443,2021-04-02,2021-04-02,2021-04-02 08:38:07,POZA_SESJA,2021-04-05,2021-04-02T12:38:07.000Z,tak
TSLA,1318605,0001564590-21-020558,2021-04-26,2021-04-26,2021-04-26 16:53:31,AMC,2021-04-27,2021-04-26T20:53:31.000Z,tak
GOOGL,1652044,0001652044-21-000018,2021-04-27,2021-04-27,2021-04-27 16:01:33,AMC,2021-04-28,2021-04-27T20:01:33.000Z,tak
MSFT,789019,0001193125-21-134213,2021-04-27,2021-04-27,2021-04-27 16:04:57,AMC,2021-04-28,2021-04-27T16:04:57.000Z,NIE
META,1326801,0001326801-21-000031,2021-04-28,2021-04-28,2021-04-28 16:09:19,AMC,2021-04-29,2021-04-28T20:09:19.000Z,tak
AAPL,320193,0000320193-21-000055,2021-04-28,2021-04-28,2021-04-28 16:30:33,AMC,2021-04-29,2021-04-28T20:30:33.000Z,tak
AMZN,1018724,0001018724-21-000008,2021-04-29,2021-04-29,2021-04-29 16:31:31,AMC,2021-04-30,2021-04-29T20:31:31.000Z,tak
NVDA,1045810,0001045810-21-000063,2021-05-26,2021-05-26,2021-05-26 16:20:35,AMC,2021-05-27,2021-05-26T20:20:35.000Z,tak
AVGO,1730168,0001730168-21-000110,2021-06-02,2021-06-03,2021-06-03 16:19:10,AMC,2021-06-04,2021-06-03T20:19:10.000Z,tak
TSLA,1318605,0000950170-21-000423,2021-07-02,2021-07-02,2021-07-02 08:32:50,BMO,2021-07-02,2021-07-02T12:32:50.000Z,tak
TSLA,1318605,0001564590-21-037953,2021-07-26,2021-07-26,2021-07-26 16:25:13,AMC,2021-07-27,2021-07-26T20:25:13.000Z,tak
AAPL,320193,0000320193-21-000063,2021-07-27,2021-07-27,2021-07-27 16:35:44,AMC,2021-07-28,2021-07-27T20:35:44.000Z,tak
GOOGL,1652044,0001652044-21-000041,2021-07-27,2021-07-27,2021-07-27 16:36:42,AMC,2021-07-28,2021-07-27T20:36:42.000Z,tak
MSFT,789019,0001193125-21-225746,2021-07-27,2021-07-27,2021-07-27 16:41:19,AMC,2021-07-28,2021-07-27T16:41:19.000Z,NIE
META,1326801,0001326801-21-000047,2021-07-28,2021-07-28,2021-07-28 16:08:06,AMC,2021-07-29,2021-07-28T20:08:06.000Z,tak
AMZN,1018724,0001018724-21-000018,2021-07-29,2021-07-29,2021-07-29 16:34:52,AMC,2021-07-30,2021-07-29T20:34:52.000Z,tak
NVDA,1045810,0001045810-21-000128,2021-08-18,2021-08-18,2021-08-18 16:21:07,AMC,2021-08-19,2021-08-18T20:21:07.000Z,tak
AVGO,1730168,0001730168-21-000121,2021-09-02,2021-09-02,2021-09-02 16:18:04,AMC,2021-09-03,2021-09-02T20:18:04.000Z,tak
TSLA,1318605,0001564590-21-049874,2021-10-02,2021-10-04,2021-10-04 06:09:14,BMO,2021-10-04,2021-10-04T10:09:14.000Z,tak
TSLA,1318605,0001564590-21-051307,2021-10-20,2021-10-20,2021-10-20 17:14:23,AMC,2021-10-21,2021-10-20T21:14:23.000Z,tak
META,1326801,0001326801-21-000062,2021-10-25,2021-10-25,2021-10-25 16:08:12,AMC,2021-10-26,2021-10-25T20:08:12.000Z,tak
GOOGL,1652044,0001652044-21-000054,2021-10-26,2021-10-26,2021-10-26 16:01:30,AMC,2021-10-27,2021-10-26T20:01:30.000Z,tak
MSFT,789019,0001193125-21-307941,2021-10-26,2021-10-26,2021-10-26 16:04:14,AMC,2021-10-27,2021-10-26T16:04:14.000Z,NIE
AMZN,1018724,0001018724-21-000026,2021-10-28,2021-10-28,2021-10-28 16:07:09,AMC,2021-10-29,2021-10-28T20:07:09.000Z,tak
AAPL,320193,0000320193-21-000104,2021-10-28,2021-10-28,2021-10-28 16:30:23,AMC,2021-10-29,2021-10-28T20:30:23.000Z,tak
NVDA,1045810,0001045810-21-000160,2021-11-17,2021-11-17,2021-11-17 16:20:59,AMC,2021-11-18,2021-11-17T21:20:59.000Z,tak
AVGO,1730168,0001730168-21-000148,2021-12-09,2021-12-09,2021-12-09 16:26:54,AMC,2021-12-10,2021-12-09T21:26:54.000Z,tak
TSLA,1318605,0001564590-22-000009,2022-01-02,2022-01-03,2022-01-03 06:06:42,BMO,2022-01-03,2022-01-03T11:06:42.000Z,tak
MSFT,789019,0001193125-22-017041,2022-01-25,2022-01-25,2022-01-25 16:03:05,AMC,2022-01-26,2022-01-25T16:03:05.000Z,NIE
TSLA,1318605,0001564590-22-002476,2022-01-26,2022-01-26,2022-01-26 16:26:43,AMC,2022-01-27,2022-01-26T21:26:43.000Z,tak
AAPL,320193,0000320193-22-000006,2022-01-27,2022-01-27,2022-01-27 16:30:36,AMC,2022-01-28,2022-01-27T21:30:36.000Z,tak
GOOGL,1652044,0001652044-22-000015,2022-02-01,2022-02-01,2022-02-01 16:01:29,AMC,2022-02-02,2022-02-01T21:01:29.000Z,tak
META,1326801,0001326801-22-000015,2022-02-02,2022-02-02,2022-02-02 16:08:34,AMC,2022-02-03,2022-02-02T21:08:34.000Z,tak
AMZN,1018724,0001018724-22-000002,2022-02-03,2022-02-03,2022-02-03 16:11:33,AMC,2022-02-04,2022-02-03T21:11:33.000Z,tak
NVDA,1045810,0001045810-22-000008,2022-02-16,2022-02-16,2022-02-16 16:21:16,AMC,2022-02-17,2022-02-16T21:21:16.000Z,tak
AVGO,1730168,0001730168-22-000015,2022-03-03,2022-03-03,2022-03-03 16:18:22,AMC,2022-03-04,2022-03-03T21:18:22.000Z,tak
TSLA,1318605,0001564590-22-013264,2022-04-02,2022-04-04,2022-04-04 06:07:24,BMO,2022-04-04,2022-04-04T10:07:24.000Z,tak
TSLA,1318605,0001564590-22-014917,2022-04-20,2022-04-20,2022-04-20 16:12:16,AMC,2022-04-21,2022-04-20T20:12:16.000Z,tak
GOOGL,1652044,0001652044-22-000025,2022-04-26,2022-04-26,2022-04-26 16:01:32,AMC,2022-04-27,2022-04-26T20:01:32.000Z,tak
MSFT,789019,0001193125-22-120207,2022-04-26,2022-04-26,2022-04-26 16:03:59,AMC,2022-04-27,2022-04-26T16:03:59.000Z,NIE
META,1326801,0001326801-22-000054,2022-04-27,2022-04-27,2022-04-27 16:07:54,AMC,2022-04-28,2022-04-27T20:07:54.000Z,tak
AMZN,1018724,0001018724-22-000011,2022-04-28,2022-04-28,2022-04-28 16:27:13,AMC,2022-04-29,2022-04-28T20:27:13.000Z,tak
AAPL,320193,0000320193-22-000058,2022-04-28,2022-04-28,2022-04-28 16:32:12,AMC,2022-04-29,2022-04-28T20:32:12.000Z,tak
NVDA,1045810,0001045810-22-000073,2022-05-25,2022-05-25,2022-05-25 16:22:25,AMC,2022-05-26,2022-05-25T20:22:25.000Z,tak
AVGO,1730168,0001193125-22-160304,2022-05-26,2022-05-26,2022-05-26 07:28:34,BMO,2022-05-26,2022-05-26T11:28:34.000Z,tak
TSLA,1318605,0001564590-22-025153,2022-07-02,2022-07-05,2022-07-05 06:16:41,BMO,2022-07-05,2022-07-05T10:16:41.000Z,tak
TSLA,1318605,0001564590-22-026048,2022-07-20,2022-07-20,2022-07-20 16:43:32,AMC,2022-07-21,2022-07-20T20:43:32.000Z,tak
GOOGL,1652044,0001652044-22-000068,2022-07-26,2022-07-26,2022-07-26 16:02:00,AMC,2022-07-27,2022-07-26T20:02:00.000Z,tak
MSFT,789019,0001193125-22-202034,2022-07-26,2022-07-26,2022-07-26 16:02:59,AMC,2022-07-27,2022-07-26T16:02:59.000Z,NIE
META,1326801,0001326801-22-000079,2022-07-27,2022-07-27,2022-07-27 16:07:22,AMC,2022-07-28,2022-07-27T20:07:22.000Z,tak
AMZN,1018724,0001018724-22-000017,2022-07-28,2022-07-28,2022-07-28 16:09:30,AMC,2022-07-29,2022-07-28T20:09:30.000Z,tak
AAPL,320193,0000320193-22-000069,2022-07-28,2022-07-28,2022-07-28 16:31:44,AMC,2022-07-29,2022-07-28T20:31:44.000Z,tak
NVDA,1045810,0001045810-22-000133,2022-08-08,2022-08-08,2022-08-08 09:16:50,BMO,2022-08-08,2022-08-08T13:16:50.000Z,tak
NVDA,1045810,0001045810-22-000136,2022-08-24,2022-08-24,2022-08-24 16:24:34,AMC,2022-08-25,2022-08-24T20:24:34.000Z,tak
AVGO,1730168,0001730168-22-000091,2022-09-01,2022-09-01,2022-09-01 16:26:00,AMC,2022-09-02,2022-09-01T20:26:00.000Z,tak
TSLA,1318605,0001564590-22-033053,2022-10-02,2022-10-03,2022-10-03 06:05:40,BMO,2022-10-03,2022-10-03T10:05:40.000Z,tak
TSLA,1318605,0001564590-22-034639,2022-10-19,2022-10-19,2022-10-19 17:15:46,AMC,2022-10-20,2022-10-19T21:15:46.000Z,tak
GOOGL,1652044,0001652044-22-000085,2022-10-25,2022-10-25,2022-10-25 16:01:23,AMC,2022-10-26,2022-10-25T20:01:23.000Z,tak
MSFT,789019,0001193125-22-268356,2022-10-25,2022-10-25,2022-10-25 16:02:59,AMC,2022-10-26,2022-10-25T16:02:59.000Z,NIE
META,1326801,0001326801-22-000105,2022-10-26,2022-10-26,2022-10-26 16:19:09,AMC,2022-10-27,2022-10-26T20:19:09.000Z,tak
AMZN,1018724,0001018724-22-000021,2022-10-27,2022-10-27,2022-10-27 16:09:35,AMC,2022-10-28,2022-10-27T20:09:35.000Z,tak
AAPL,320193,0000320193-22-000107,2022-10-27,2022-10-27,2022-10-27 16:30:22,AMC,2022-10-28,2022-10-27T20:30:22.000Z,tak
NVDA,1045810,0001045810-22-000163,2022-11-16,2022-11-16,2022-11-16 16:21:18,AMC,2022-11-17,2022-11-16T21:21:18.000Z,tak
AVGO,1730168,0001730168-22-000110,2022-12-08,2022-12-08,2022-12-08 16:21:25,AMC,2022-12-09,2022-12-08T21:21:25.000Z,tak
TSLA,1318605,0001564590-23-000002,2023-01-02,2023-01-03,2023-01-03 06:08:47,BMO,2023-01-03,2023-01-03T11:08:47.000Z,tak
MSFT,789019,0001193125-23-014230,2023-01-24,2023-01-24,2023-01-24 16:28:00,AMC,2023-01-25,2023-01-24T16:28:00.000Z,NIE
TSLA,1318605,0001564590-23-000799,2023-01-20,2023-01-25,2023-01-25 16:41:18,AMC,2023-01-26,2023-01-25T21:41:18.000Z,tak
META,1326801,0001326801-23-000008,2023-02-01,2023-02-01,2023-02-01 16:22:15,AMC,2023-02-02,2023-02-01T21:22:15.000Z,tak
GOOGL,1652044,0001652044-23-000013,2023-02-02,2023-02-02,2023-02-02 16:01:29,AMC,2023-02-03,2023-02-02T21:01:29.000Z,tak
AMZN,1018724,0001018724-23-000002,2023-02-02,2023-02-02,2023-02-02 16:08:48,AMC,2023-02-03,2023-02-02T21:08:48.000Z,tak
AAPL,320193,0000320193-23-000005,2023-02-02,2023-02-02,2023-02-02 16:30:33,AMC,2023-02-03,2023-02-02T21:30:33.000Z,tak
NVDA,1045810,0001045810-23-000014,2023-02-22,2023-02-22,2023-02-22 16:52:26,AMC,2023-02-23,2023-02-22T21:52:26.000Z,tak
AVGO,1730168,0001730168-23-000004,2023-03-02,2023-03-02,2023-03-02 16:16:43,AMC,2023-03-03,2023-03-02T21:16:43.000Z,tak
TSLA,1318605,0001564590-23-005126,2023-04-02,2023-04-03,2023-04-03 07:02:44,BMO,2023-04-03,2023-04-03T11:02:44.000Z,tak
TSLA,1318605,0001564590-23-005959,2023-04-19,2023-04-19,2023-04-19 17:25:10,AMC,2023-04-20,2023-04-19T21:25:10.000Z,tak
GOOGL,1652044,0001652044-23-000034,2023-04-20,2023-04-20,2023-04-20 16:24:04,AMC,2023-04-21,2023-04-20T20:24:04.000Z,tak
GOOGL,1652044,0001652044-23-000041,2023-04-25,2023-04-25,2023-04-25 16:01:48,AMC,2023-04-26,2023-04-25T20:01:48.000Z,tak
MSFT,789019,0001193125-23-115280,2023-04-25,2023-04-25,2023-04-25 16:03:03,AMC,2023-04-26,2023-04-25T16:03:03.000Z,NIE
META,1326801,0001326801-23-000063,2023-04-26,2023-04-26,2023-04-26 16:18:04,AMC,2023-04-27,2023-04-26T20:18:04.000Z,tak
AMZN,1018724,0001018724-23-000006,2023-04-27,2023-04-27,2023-04-27 16:10:37,AMC,2023-04-28,2023-04-27T20:10:37.000Z,tak
AAPL,320193,0000320193-23-000063,2023-05-04,2023-05-04,2023-05-04 16:30:43,AMC,2023-05-05,2023-05-04T20:30:43.000Z,tak
NVDA,1045810,0001045810-23-000087,2023-05-24,2023-05-24,2023-05-24 16:22:18,AMC,2023-05-25,2023-05-24T20:22:18.000Z,tak
AVGO,1730168,0001730168-23-000062,2023-06-01,2023-06-01,2023-06-01 16:17:30,AMC,2023-06-02,2023-06-01T20:17:30.000Z,tak
TSLA,1318605,0000950170-23-031241,2023-07-02,2023-07-03,2023-07-03 06:05:58,BMO,2023-07-03,2023-07-03T10:05:58.000Z,tak
TSLA,1318605,0000950170-23-033544,2023-07-19,2023-07-19,2023-07-19 16:46:20,AMC,2023-07-20,2023-07-19T20:46:20.000Z,tak
GOOGL,1652044,0001652044-23-000067,2023-07-20,2023-07-25,2023-07-25 16:01:21,AMC,2023-07-26,2023-07-25T20:01:21.000Z,tak
MSFT,789019,0000950170-23-034400,2023-07-25,2023-07-25,2023-07-25 16:02:47,AMC,2023-07-26,2023-07-25T16:02:47.000Z,NIE
META,1326801,0001326801-23-000089,2023-07-26,2023-07-26,2023-07-26 16:06:51,AMC,2023-07-27,2023-07-26T20:06:51.000Z,tak
AMZN,1018724,0001018724-23-000010,2023-08-03,2023-08-03,2023-08-03 16:09:02,AMC,2023-08-04,2023-08-03T20:09:02.000Z,tak
AAPL,320193,0000320193-23-000075,2023-08-03,2023-08-03,2023-08-03 16:30:21,AMC,2023-08-04,2023-08-03T20:30:21.000Z,tak
NVDA,1045810,0001045810-23-000171,2023-08-23,2023-08-23,2023-08-23 16:21:42,AMC,2023-08-24,2023-08-23T20:21:42.000Z,tak
AVGO,1730168,0001730168-23-000074,2023-08-31,2023-08-31,2023-08-31 17:18:57,AMC,2023-09-01,2023-08-31T21:18:57.000Z,tak
TSLA,1318605,0000950170-23-050938,2023-10-02,2023-10-02,2023-10-02 09:05:38,BMO,2023-10-02,2023-10-02T13:05:38.000Z,tak
TSLA,1318605,0001628280-23-034588,2023-10-18,2023-10-18,2023-10-18 16:15:00,AMC,2023-10-19,2023-10-18T20:15:00.000Z,tak
GOOGL,1652044,0001652044-23-000088,2023-10-18,2023-10-24,2023-10-24 16:01:23,AMC,2023-10-25,2023-10-24T20:01:23.000Z,tak
MSFT,789019,0000950170-23-054848,2023-10-24,2023-10-24,2023-10-24 16:03:29,AMC,2023-10-25,2023-10-24T16:03:29.000Z,NIE
META,1326801,0001326801-23-000100,2023-10-25,2023-10-25,2023-10-25 16:20:51,AMC,2023-10-26,2023-10-25T20:20:51.000Z,tak
AMZN,1018724,0001018724-23-000016,2023-10-26,2023-10-26,2023-10-26 16:14:51,AMC,2023-10-27,2023-10-26T20:14:51.000Z,tak
AAPL,320193,0000320193-23-000104,2023-11-02,2023-11-02,2023-11-02 16:30:32,AMC,2023-11-03,2023-11-02T20:30:32.000Z,tak
NVDA,1045810,0001045810-23-000225,2023-11-21,2023-11-21,2023-11-21 16:22:00,AMC,2023-11-22,2023-11-21T21:22:00.000Z,tak
AVGO,1730168,0001730168-23-000093,2023-12-07,2023-12-07,2023-12-07 16:18:51,AMC,2023-12-08,2023-12-07T21:18:51.000Z,tak
TSLA,1318605,0000950170-24-000282,2024-01-02,2024-01-02,2024-01-02 16:29:17,AMC,2024-01-03,2024-01-02T21:29:17.000Z,tak
TSLA,1318605,0000950170-24-007073,2024-01-24,2024-01-24,2024-01-24 17:24:27,AMC,2024-01-25,2024-01-24T22:24:27.000Z,tak
GOOGL,1652044,0001652044-24-000014,2024-01-30,2024-01-30,2024-01-30 16:01:26,AMC,2024-01-31,2024-01-30T21:01:26.000Z,tak
MSFT,789019,0000950170-24-008809,2024-01-30,2024-01-30,2024-01-30 16:03:17,AMC,2024-01-31,2024-01-30T16:03:17.000Z,NIE
AMZN,1018724,0001018724-24-000006,2024-02-01,2024-02-01,2024-02-01 16:06:02,AMC,2024-02-02,2024-02-01T21:06:02.000Z,tak
META,1326801,0001326801-24-000010,2024-02-01,2024-02-01,2024-02-01 16:10:29,AMC,2024-02-02,2024-02-01T21:10:29.000Z,tak
AAPL,320193,0000320193-24-000005,2024-02-01,2024-02-01,2024-02-01 16:30:30,AMC,2024-02-02,2024-02-01T21:30:30.000Z,tak
NVDA,1045810,0001045810-24-000028,2024-02-21,2024-02-21,2024-02-21 16:22:09,AMC,2024-02-22,2024-02-21T21:22:09.000Z,tak
AVGO,1730168,0001730168-24-000012,2024-03-07,2024-03-07,2024-03-07 16:18:09,AMC,2024-03-08,2024-03-07T21:18:09.000Z,tak
TSLA,1318605,0000950170-24-040274,2024-04-02,2024-04-02,2024-04-02 16:47:22,AMC,2024-04-03,2024-04-02T20:47:22.000Z,tak
TSLA,1318605,0000950170-24-046895,2024-04-23,2024-04-23,2024-04-23 16:09:55,AMC,2024-04-24,2024-04-23T20:09:55.000Z,tak
META,1326801,0001326801-24-000044,2024-04-24,2024-04-24,2024-04-24 16:07:26,AMC,2024-04-25,2024-04-24T20:07:26.000Z,tak
GOOGL,1652044,0001652044-24-000047,2024-04-25,2024-04-25,2024-04-25 16:01:35,AMC,2024-04-26,2024-04-25T20:01:35.000Z,tak
MSFT,789019,0000950170-24-048268,2024-04-25,2024-04-25,2024-04-25 16:03:19,AMC,2024-04-26,2024-04-25T16:03:19.000Z,NIE
AMZN,1018724,0001018724-24-000081,2024-04-30,2024-04-30,2024-04-30 16:10:34,AMC,2024-05-01,2024-04-30T20:10:34.000Z,tak
AAPL,320193,0000320193-24-000067,2024-05-02,2024-05-02,2024-05-02 16:30:34,AMC,2024-05-03,2024-05-02T20:30:34.000Z,tak
NVDA,1045810,0001045810-24-000113,2024-05-22,2024-05-22,2024-05-22 16:21:29,AMC,2024-05-23,2024-05-22T20:21:29.000Z,tak
AVGO,1730168,0001730168-24-000077,2024-06-12,2024-06-12,2024-06-12 16:19:05,AMC,2024-06-13,2024-06-12T20:19:05.000Z,tak
TSLA,1318605,0001628280-24-030714,2024-07-02,2024-07-02,2024-07-02 09:24:01,BMO,2024-07-02,2024-07-02T13:24:01.000Z,tak
GOOGL,1652044,0001652044-24-000076,2024-07-23,2024-07-23,2024-07-23 16:01:54,AMC,2024-07-24,2024-07-23T20:01:54.000Z,tak
TSLA,1318605,0001628280-24-032603,2024-07-23,2024-07-23,2024-07-23 16:32:27,AMC,2024-07-24,2024-07-23T20:32:27.000Z,tak
MSFT,789019,0000950170-24-087835,2024-07-30,2024-07-30,2024-07-30 16:03:22,AMC,2024-07-31,2024-07-30T16:03:22.000Z,NIE
META,1326801,0001326801-24-000065,2024-07-31,2024-07-31,2024-07-31 16:11:20,AMC,2024-08-01,2024-07-31T20:11:20.000Z,tak
AMZN,1018724,0001018724-24-000128,2024-08-01,2024-08-01,2024-08-01 16:06:02,AMC,2024-08-02,2024-08-01T20:06:02.000Z,tak
AAPL,320193,0000320193-24-000080,2024-08-01,2024-08-01,2024-08-01 16:30:26,AMC,2024-08-02,2024-08-01T20:30:26.000Z,tak
NVDA,1045810,0001045810-24-000262,2024-08-28,2024-08-28,2024-08-28 16:21:16,AMC,2024-08-29,2024-08-28T20:21:16.000Z,tak
AVGO,1730168,0001730168-24-000095,2024-09-05,2024-09-05,2024-09-05 16:21:56,AMC,2024-09-06,2024-09-05T20:21:56.000Z,tak
TSLA,1318605,0001628280-24-041816,2024-10-02,2024-10-02,2024-10-02 09:06:34,BMO,2024-10-02,2024-10-02T13:06:34.000Z,tak
TSLA,1318605,0001628280-24-043432,2024-10-23,2024-10-23,2024-10-23 16:09:26,AMC,2024-10-24,2024-10-23T20:09:26.000Z,tak
GOOGL,1652044,0001652044-24-000115,2024-10-29,2024-10-29,2024-10-29 16:01:46,AMC,2024-10-30,2024-10-29T20:01:46.000Z,tak
MSFT,789019,0000950170-24-118955,2024-10-30,2024-10-30,2024-10-30 16:04:07,AMC,2024-10-31,2024-10-30T16:04:07.000Z,NIE
META,1326801,0001326801-24-000077,2024-10-30,2024-10-30,2024-10-30 16:08:12,AMC,2024-10-31,2024-10-30T20:08:12.000Z,tak
AMZN,1018724,0001018724-24-000158,2024-10-31,2024-10-31,2024-10-31 16:13:57,AMC,2024-11-01,2024-10-31T20:13:57.000Z,tak
AAPL,320193,0000320193-24-000120,2024-10-31,2024-10-31,2024-10-31 16:30:25,AMC,2024-11-01,2024-10-31T20:30:25.000Z,tak
NVDA,1045810,0001045810-24-000315,2024-11-20,2024-11-20,2024-11-20 16:21:20,AMC,2024-11-21,2024-11-20T21:21:20.000Z,tak
AVGO,1730168,0001730168-24-000125,2024-12-12,2024-12-12,2024-12-12 16:23:06,AMC,2024-12-13,2024-12-12T21:23:06.000Z,tak
TSLA,1318605,0001628280-25-000007,2025-01-02,2025-01-02,2025-01-02 09:06:39,BMO,2025-01-02,2025-01-02T14:06:39.000Z,tak
MSFT,789019,0000950170-25-010484,2025-01-29,2025-01-29,2025-01-29 16:08:56,AMC,2025-01-30,2025-01-29T16:08:56.000Z,NIE
TSLA,1318605,0001628280-25-002993,2025-01-29,2025-01-29,2025-01-29 16:09:13,AMC,2025-01-30,2025-01-29T21:09:13.000Z,tak
META,1326801,0001326801-25-000014,2025-01-29,2025-01-29,2025-01-29 16:47:14,AMC,2025-01-30,2025-01-29T21:47:14.000Z,tak
AAPL,320193,0000320193-25-000007,2025-01-30,2025-01-30,2025-01-30 16:30:23,AMC,2025-01-31,2025-01-30T21:30:23.000Z,tak
GOOGL,1652044,0001652044-25-000010,2025-02-04,2025-02-04,2025-02-04 16:01:27,AMC,2025-02-05,2025-02-04T21:01:27.000Z,tak
AMZN,1018724,0001018724-25-000002,2025-02-06,2025-02-06,2025-02-06 16:09:12,AMC,2025-02-07,2025-02-06T21:09:12.000Z,tak
NVDA,1045810,0001045810-25-000021,2025-02-26,2025-02-26,2025-02-26 16:21:32,AMC,2025-02-27,2025-02-26T21:21:32.000Z,tak
AVGO,1730168,0001730168-25-000009,2025-03-06,2025-03-06,2025-03-06 16:19:37,AMC,2025-03-07,2025-03-06T21:19:37.000Z,tak
TSLA,1318605,0001628280-25-016070,2025-04-02,2025-04-02,2025-04-02 09:05:22,BMO,2025-04-02,2025-04-02T13:05:22.000Z,tak
TSLA,1318605,0001628280-25-018851,2025-04-22,2025-04-22,2025-04-22 16:10:12,AMC,2025-04-23,2025-04-22T20:10:12.000Z,tak
GOOGL,1652044,0001652044-25-000040,2025-04-23,2025-04-24,2025-04-24 16:01:26,AMC,2025-04-25,2025-04-24T20:01:26.000Z,tak
MSFT,789019,0000950170-25-061032,2025-04-30,2025-04-30,2025-04-30 16:06:03,AMC,2025-05-01,2025-04-30T16:06:03.000Z,NIE
META,1326801,0001326801-25-000050,2025-04-30,2025-04-30,2025-04-30 16:16:00,AMC,2025-05-01,2025-04-30T20:16:00.000Z,tak
AMZN,1018724,0001018724-25-000034,2025-05-01,2025-05-01,2025-05-01 16:15:00,AMC,2025-05-02,2025-05-01T20:15:00.000Z,tak
AAPL,320193,0000320193-25-000055,2025-05-01,2025-05-01,2025-05-01 16:30:21,AMC,2025-05-02,2025-05-01T20:30:21.000Z,tak
NVDA,1045810,0001045810-25-000115,2025-05-28,2025-05-28,2025-05-28 16:21:30,AMC,2025-05-29,2025-05-28T20:21:30.000Z,tak
AVGO,1730168,0001730168-25-000061,2025-06-05,2025-06-05,2025-06-05 16:27:02,AMC,2025-06-06,2025-06-05T20:27:02.000Z,tak
TSLA,1318605,0001628280-25-033842,2025-07-02,2025-07-02,2025-07-02 09:05:13,BMO,2025-07-02,2025-07-02T13:05:13.000Z,tak
GOOGL,1652044,0001652044-25-000056,2025-07-23,2025-07-23,2025-07-23 16:01:33,AMC,2025-07-24,2025-07-23T20:01:33.000Z,tak
TSLA,1318605,0001628280-25-035738,2025-07-23,2025-07-23,2025-07-23 16:14:09,AMC,2025-07-24,2025-07-23T20:14:09.000Z,tak
MSFT,789019,0000950170-25-100226,2025-07-30,2025-07-30,2025-07-30 16:08:53,AMC,2025-07-31,2025-07-30T16:08:53.000Z,NIE
META,1326801,0001628280-25-036719,2025-07-30,2025-07-30,2025-07-30 16:13:01,AMC,2025-07-31,2025-07-30T20:13:01.000Z,tak
AMZN,1018724,0001018724-25-000084,2025-07-31,2025-07-31,2025-07-31 16:13:17,AMC,2025-08-01,2025-07-31T20:13:17.000Z,tak
AAPL,320193,0000320193-25-000071,2025-07-31,2025-07-31,2025-07-31 16:30:25,AMC,2025-08-01,2025-07-31T20:30:25.000Z,tak
NVDA,1045810,0001045810-25-000207,2025-08-27,2025-08-27,2025-08-27 16:22:14,AMC,2025-08-28,2025-08-27T20:22:14.000Z,tak
AVGO,1730168,0001730168-25-000094,2025-09-04,2025-09-04,2025-09-04 16:19:50,AMC,2025-09-05,2025-09-04T20:19:50.000Z,tak
TSLA,1318605,0001628280-25-043530,2025-10-02,2025-10-02,2025-10-02 09:04:54,BMO,2025-10-02,2025-10-02T13:04:54.000Z,tak
TSLA,1318605,0001628280-25-045861,2025-10-22,2025-10-22,2025-10-22 16:06:36,AMC,2025-10-23,2025-10-22T20:06:36.000Z,tak
GOOGL,1652044,0001652044-25-000087,2025-10-29,2025-10-29,2025-10-29 16:01:48,AMC,2025-10-30,2025-10-29T20:01:48.000Z,tak
MSFT,789019,0001193125-25-256310,2025-10-28,2025-10-29,2025-10-29 16:07:42,AMC,2025-10-30,2025-10-29T16:07:42.000Z,NIE
META,1326801,0001628280-25-047114,2025-10-29,2025-10-29,2025-10-29 16:08:34,AMC,2025-10-30,2025-10-29T20:08:34.000Z,tak
AMZN,1018724,0001018724-25-000121,2025-10-30,2025-10-30,2025-10-30 16:13:01,AMC,2025-10-31,2025-10-30T20:13:01.000Z,tak
AAPL,320193,0000320193-25-000077,2025-10-30,2025-10-30,2025-10-30 16:30:35,AMC,2025-10-31,2025-10-30T20:30:35.000Z,tak
NVDA,1045810,0001045810-25-000228,2025-11-19,2025-11-19,2025-11-19 16:20:44,AMC,2025-11-20,2025-11-19T21:20:44.000Z,tak
AVGO,1730168,0001730168-25-000116,2025-12-11,2025-12-11,2025-12-11 16:17:37,AMC,2025-12-12,2025-12-11T21:17:37.000Z,tak
TSLA,1318605,0001628280-26-000016,2026-01-02,2026-01-02,2026-01-02 09:20:13,BMO,2026-01-02,2026-01-02T14:20:13.000Z,tak
META,1326801,0001628280-26-003832,2026-01-28,2026-01-28,2026-01-28 16:04:20,AMC,2026-01-29,2026-01-28T21:04:20.000Z,tak
MSFT,789019,0001193125-26-027198,2026-01-28,2026-01-28,2026-01-28 16:04:38,AMC,2026-01-29,2026-01-28T16:04:38.000Z,NIE
TSLA,1318605,0001628280-26-003837,2026-01-28,2026-01-28,2026-01-28 16:11:04,AMC,2026-01-29,2026-01-28T21:11:04.000Z,tak
AAPL,320193,0000320193-26-000005,2026-01-29,2026-01-29,2026-01-29 16:30:33,AMC,2026-01-30,2026-01-29T21:30:33.000Z,tak
GOOGL,1652044,0001652044-26-000012,2026-02-04,2026-02-04,2026-02-04 16:01:37,AMC,2026-02-05,2026-02-04T21:01:37.000Z,tak
AMZN,1018724,0001018724-26-000002,2026-02-05,2026-02-05,2026-02-05 16:25:12,AMC,2026-02-06,2026-02-05T21:25:12.000Z,tak
NVDA,1045810,0001045810-26-000019,2026-02-25,2026-02-25,2026-02-25 16:31:25,AMC,2026-02-26,2026-02-25T21:31:25.000Z,tak
AVGO,1730168,0001730168-26-000011,2026-03-04,2026-03-04,2026-03-04 16:16:10,AMC,2026-03-05,2026-03-04T21:16:10.000Z,tak
TSLA,1318605,0001628280-26-022956,2026-04-02,2026-04-02,2026-04-02 09:07:13,BMO,2026-04-02,2026-04-02T13:07:13.000Z,tak
TSLA,1318605,0001628280-26-026551,2026-04-22,2026-04-22,2026-04-22 16:10:44,AMC,2026-04-23,2026-04-22T20:10:44.000Z,tak
GOOGL,1652044,0001652044-26-000043,2026-04-29,2026-04-29,2026-04-29 16:01:35,AMC,2026-04-30,2026-04-29T20:01:35.000Z,tak
MSFT,789019,0001193125-26-191457,2026-04-29,2026-04-29,2026-04-29 16:03:31,AMC,2026-04-30,2026-04-29T16:03:31.000Z,NIE
META,1326801,0001628280-26-028364,2026-04-29,2026-04-29,2026-04-29 16:05:41,AMC,2026-04-30,2026-04-29T20:05:41.000Z,tak
AMZN,1018724,0001018724-26-000012,2026-04-29,2026-04-29,2026-04-29 16:18:55,AMC,2026-04-30,2026-04-29T20:18:55.000Z,tak
AAPL,320193,0000320193-26-000011,2026-04-30,2026-04-30,2026-04-30 16:30:41,AMC,2026-05-01,2026-04-30T20:30:41.000Z,tak
NVDA,1045810,0001045810-26-000051,2026-05-20,2026-05-20,2026-05-20 16:21:19,AMC,2026-05-21,2026-05-20T20:21:19.000Z,tak
AVGO,1730168,0001730168-26-000051,2026-06-03,2026-06-03,2026-06-03 16:21:35,AMC,2026-06-04,2026-06-03T20:21:35.000Z,tak
TSLA,1318605,0001628280-26-046717,2026-07-02,2026-07-02,2026-07-02 09:01:26,BMO,2026-07-02,2026-07-02T13:01:26.000Z,tak
GOOGL,1652044,0001652044-26-000066,2026-07-22,2026-07-22,2026-07-22 16:01:36,AMC,2026-07-23,2026-07-22T20:01:36.000Z,tak
TSLA,1318605,0001628280-26-049213,2026-07-22,2026-07-22,2026-07-22 16:35:52,AMC,2026-07-23,2026-07-22T20:35:52.000Z,tak
META,1326801,0001628280-26-050596,2026-07-29,2026-07-29,2026-07-29 16:03:23,AMC,,2026-07-29T20:03:23.000Z,tak
MSFT,789019,0001193125-26-323632,2026-07-29,2026-07-29,2026-07-29 16:04:53,AMC,,2026-07-29T16:04:53.000Z,NIE
