event_type,scheduled_timestamp_et,scheduled_timestamp_utc,actual_date,source,session_date,has_second_stage,second_stage_timestamp_et,second_stage_timestamp_utc,bars_pre,bars_impulse,bars_outcome,bars_ok,reference_period,notes
PPI,2019-05-09T08:30:00-04:00,2019-05-09T12:30:00+00:00,2019-05-09,BLS,2019-05-09,nie,,,58,5,20,tak,April 2019,
CPI,2019-05-10T08:30:00-04:00,2019-05-10T12:30:00+00:00,2019-05-10,BLS,2019-05-10,nie,,,60,5,20,tak,April 2019,
NFP,2019-06-07T08:30:00-04:00,2019-06-07T12:30:00+00:00,2019-06-07,BLS,2019-06-07,nie,,,60,5,20,tak,May 2019,
PPI,2019-06-11T08:30:00-04:00,2019-06-11T12:30:00+00:00,2019-06-11,BLS,2019-06-11,nie,,,60,5,20,tak,May 2019,
CPI,2019-06-12T08:30:00-04:00,2019-06-12T12:30:00+00:00,2019-06-12,BLS,2019-06-12,nie,,,59,5,20,tak,May 2019,
FOMC,2019-06-19T14:00:00-04:00,2019-06-19T18:00:00+00:00,2019-06-19,Federal Reserve,2019-06-19,tak,2019-06-19T14:30:00-04:00,2019-06-19T18:30:00+00:00,60,5,20,tak,2019-06-19,
NFP,2019-07-05T08:30:00-04:00,2019-07-05T12:30:00+00:00,2019-07-05,BLS,2019-07-05,nie,,,60,5,20,tak,June 2019,
CPI,2019-07-11T08:30:00-04:00,2019-07-11T12:30:00+00:00,2019-07-11,BLS,2019-07-11,nie,,,60,5,20,tak,June 2019,
PPI,2019-07-12T08:30:00-04:00,2019-07-12T12:30:00+00:00,2019-07-12,BLS,2019-07-12,nie,,,60,5,20,tak,June 2019,
FOMC,2019-07-31T14:00:00-04:00,2019-07-31T18:00:00+00:00,2019-07-31,Federal Reserve,2019-07-31,tak,2019-07-31T14:30:00-04:00,2019-07-31T18:30:00+00:00,60,5,20,tak,2019-07-31,
NFP,2019-08-02T08:30:00-04:00,2019-08-02T12:30:00+00:00,2019-08-02,BLS,2019-08-02,nie,,,60,5,20,tak,July 2019,
PPI,2019-08-09T08:30:00-04:00,2019-08-09T12:30:00+00:00,2019-08-09,BLS,2019-08-09,nie,,,60,5,20,tak,July 2019,
CPI,2019-08-13T08:30:00-04:00,2019-08-13T12:30:00+00:00,2019-08-13,BLS,2019-08-13,nie,,,60,5,20,tak,July 2019,
NFP,2019-09-06T08:30:00-04:00,2019-09-06T12:30:00+00:00,2019-09-06,BLS,2019-09-06,nie,,,60,5,20,tak,August 2019,
PPI,2019-09-11T08:30:00-04:00,2019-09-11T12:30:00+00:00,2019-09-11,BLS,2019-09-11,nie,,,60,5,20,tak,August 2019,
CPI,2019-09-12T08:30:00-04:00,2019-09-12T12:30:00+00:00,2019-09-12,BLS,2019-09-12,nie,,,60,5,20,tak,August 2019,
FOMC,2019-09-18T14:00:00-04:00,2019-09-18T18:00:00+00:00,2019-09-18,Federal Reserve,2019-09-18,tak,2019-09-18T14:30:00-04:00,2019-09-18T18:30:00+00:00,60,5,20,tak,2019-09-18,
NFP,2019-10-04T08:30:00-04:00,2019-10-04T12:30:00+00:00,2019-10-04,BLS,2019-10-04,nie,,,60,5,20,tak,September 2019,
PPI,2019-10-08T08:30:00-04:00,2019-10-08T12:30:00+00:00,2019-10-08,BLS,2019-10-08,nie,,,60,5,20,tak,September 2019,
CPI,2019-10-10T08:30:00-04:00,2019-10-10T12:30:00+00:00,2019-10-10,BLS,2019-10-10,nie,,,60,5,20,tak,September 2019,
FOMC,2019-10-11T11:00:00-04:00,2019-10-11T15:00:00+00:00,2019-10-11,Federal Reserve,2019-10-11,nie,,,60,5,20,tak,2019-10-11,poza planowym posiedzeniem
FOMC,2019-10-30T14:00:00-04:00,2019-10-30T18:00:00+00:00,2019-10-30,Federal Reserve,2019-10-30,tak,2019-10-30T14:30:00-04:00,2019-10-30T18:30:00+00:00,60,5,20,tak,2019-10-30,
NFP,2019-11-01T08:30:00-04:00,2019-11-01T12:30:00+00:00,2019-11-01,BLS,2019-11-01,nie,,,60,5,20,tak,October 2019,
CPI,2019-11-13T08:30:00-05:00,2019-11-13T13:30:00+00:00,2019-11-13,BLS,2019-11-13,nie,,,60,5,20,tak,October 2019,
PPI,2019-11-14T08:30:00-05:00,2019-11-14T13:30:00+00:00,2019-11-14,BLS,2019-11-14,nie,,,60,5,20,tak,October 2019,
NFP,2019-12-06T08:30:00-05:00,2019-12-06T13:30:00+00:00,2019-12-06,BLS,2019-12-06,nie,,,60,5,20,tak,November 2019,
CPI,2019-12-11T08:30:00-05:00,2019-12-11T13:30:00+00:00,2019-12-11,BLS,2019-12-11,nie,,,60,5,20,tak,November 2019,
FOMC,2019-12-11T14:00:00-05:00,2019-12-11T19:00:00+00:00,2019-12-11,Federal Reserve,2019-12-11,tak,2019-12-11T14:30:00-05:00,2019-12-11T19:30:00+00:00,60,5,20,tak,2019-12-11,
PPI,2019-12-12T08:30:00-05:00,2019-12-12T13:30:00+00:00,2019-12-12,BLS,2019-12-12,nie,,,60,5,20,tak,November 2019,
NFP,2020-01-10T08:30:00-05:00,2020-01-10T13:30:00+00:00,2020-01-10,BLS,2020-01-10,nie,,,60,5,20,tak,December 2019,
CPI,2020-01-14T08:30:00-05:00,2020-01-14T13:30:00+00:00,2020-01-14,BLS,2020-01-14,nie,,,60,5,20,tak,December 2019,
PPI,2020-01-15T08:30:00-05:00,2020-01-15T13:30:00+00:00,2020-01-15,BLS,2020-01-15,nie,,,60,5,20,tak,December 2019,
FOMC,2020-01-29T14:00:00-05:00,2020-01-29T19:00:00+00:00,2020-01-29,Federal Reserve,2020-01-29,tak,2020-01-29T14:30:00-05:00,2020-01-29T19:30:00+00:00,60,5,20,tak,2020-01-29,
NFP,2020-02-07T08:30:00-05:00,2020-02-07T13:30:00+00:00,2020-02-07,BLS,2020-02-07,nie,,,60,5,20,tak,January 2020,
CPI,2020-02-13T08:30:00-05:00,2020-02-13T13:30:00+00:00,2020-02-13,BLS,2020-02-13,nie,,,60,5,20,tak,January 2020,
PPI,2020-02-19T08:30:00-05:00,2020-02-19T13:30:00+00:00,2020-02-19,BLS,2020-02-19,nie,,,60,5,20,tak,January 2020,
FOMC,2020-03-03T10:00:00-05:00,2020-03-03T15:00:00+00:00,2020-03-03,Federal Reserve,2020-03-03,tak,2020-03-03T10:30:00-05:00,2020-03-03T15:30:00+00:00,60,5,20,tak,2020-03-03,poza planowym posiedzeniem
NFP,2020-03-06T08:30:00-05:00,2020-03-06T13:30:00+00:00,2020-03-06,BLS,2020-03-06,nie,,,60,5,20,tak,February 2020,
CPI,2020-03-11T08:30:00-04:00,2020-03-11T12:30:00+00:00,2020-03-11,BLS,2020-03-11,nie,,,60,5,20,tak,February 2020,
PPI,2020-03-12T08:30:00-04:00,2020-03-12T12:30:00+00:00,2020-03-12,BLS,2020-03-12,nie,,,49,3,13,nie,February 2020,
FOMC,2020-03-15T17:00:00-04:00,2020-03-15T21:00:00+00:00,2020-03-15,Federal Reserve,,tak,2020-03-15T17:30:00-04:00,2020-03-15T21:30:00+00:00,0,0,0,nie,2020-03-15,poza planowym posiedzeniem
FOMC,2020-03-23T08:00:00-04:00,2020-03-23T12:00:00+00:00,2020-03-23,Federal Reserve,2020-03-23,nie,,,60,5,20,tak,2020-03-23,poza planowym posiedzeniem
FOMC,2020-03-31T08:30:00-04:00,2020-03-31T12:30:00+00:00,2020-03-31,Federal Reserve,2020-03-31,nie,,,60,5,20,tak,2020-03-31,poza planowym posiedzeniem
NFP,2020-04-03T08:30:00-04:00,2020-04-03T12:30:00+00:00,2020-04-03,BLS,2020-04-03,nie,,,60,5,20,tak,March 2020,
PPI,2020-04-09T08:30:00-04:00,2020-04-09T12:30:00+00:00,2020-04-09,BLS,2020-04-09,nie,,,60,5,20,tak,March 2020,
CPI,2020-04-10T08:30:00-04:00,2020-04-10T12:30:00+00:00,2020-04-10,BLS,,nie,,,0,0,0,nie,March 2020,
FOMC,2020-04-29T14:00:00-04:00,2020-04-29T18:00:00+00:00,2020-04-29,Federal Reserve,2020-04-29,tak,2020-04-29T14:30:00-04:00,2020-04-29T18:30:00+00:00,60,5,20,tak,2020-04-29,
NFP,2020-05-08T08:30:00-04:00,2020-05-08T12:30:00+00:00,2020-05-08,BLS,2020-05-08,nie,,,60,5,20,tak,April 2020,
CPI,2020-05-12T08:30:00-04:00,2020-05-12T12:30:00+00:00,2020-05-12,BLS,2020-05-12,nie,,,60,5,20,tak,April 2020,
PPI,2020-05-13T08:30:00-04:00,2020-05-13T12:30:00+00:00,2020-05-13,BLS,2020-05-13,nie,,,60,5,20,tak,April 2020,
NFP,2020-06-05T08:30:00-04:00,2020-06-05T12:30:00+00:00,2020-06-05,BLS,2020-06-05,nie,,,60,5,20,tak,May 2020,
CPI,2020-06-10T08:30:00-04:00,2020-06-10T12:30:00+00:00,2020-06-10,BLS,2020-06-10,nie,,,60,5,20,tak,May 2020,
FOMC,2020-06-10T14:00:00-04:00,2020-06-10T18:00:00+00:00,2020-06-10,Federal Reserve,2020-06-10,tak,2020-06-10T14:30:00-04:00,2020-06-10T18:30:00+00:00,60,5,20,tak,2020-06-10,
PPI,2020-06-11T08:30:00-04:00,2020-06-11T12:30:00+00:00,2020-06-11,BLS,2020-06-11,nie,,,60,5,20,tak,May 2020,
NFP,2020-07-02T08:30:00-04:00,2020-07-02T12:30:00+00:00,2020-07-02,BLS,2020-07-02,nie,,,60,5,20,tak,June 2020,
PPI,2020-07-10T08:30:00-04:00,2020-07-10T12:30:00+00:00,2020-07-10,BLS,2020-07-10,nie,,,60,5,20,tak,June 2020,
CPI,2020-07-14T08:30:00-04:00,2020-07-14T12:30:00+00:00,2020-07-14,BLS,2020-07-14,nie,,,60,5,20,tak,June 2020,
FOMC,2020-07-29T14:00:00-04:00,2020-07-29T18:00:00+00:00,2020-07-29,Federal Reserve,2020-07-29,tak,2020-07-29T14:30:00-04:00,2020-07-29T18:30:00+00:00,60,5,20,tak,2020-07-29,
NFP,2020-08-07T08:30:00-04:00,2020-08-07T12:30:00+00:00,2020-08-07,BLS,2020-08-07,nie,,,60,5,20,tak,July 2020,
PPI,2020-08-11T08:30:00-04:00,2020-08-11T12:30:00+00:00,2020-08-11,BLS,2020-08-11,nie,,,60,5,20,tak,July 2020,
CPI,2020-08-12T08:30:00-04:00,2020-08-12T12:30:00+00:00,2020-08-12,BLS,2020-08-12,nie,,,60,5,20,tak,July 2020,
FOMC,2020-08-27T09:10:00-04:00,2020-08-27T13:10:00+00:00,2020-08-27,Federal Reserve,2020-08-27,nie,,,60,5,20,tak,2020-08-27,poza planowym posiedzeniem
NFP,2020-09-04T08:30:00-04:00,2020-09-04T12:30:00+00:00,2020-09-04,BLS,2020-09-04,nie,,,60,5,20,tak,August 2020,
PPI,2020-09-10T08:30:00-04:00,2020-09-10T12:30:00+00:00,2020-09-10,BLS,2020-09-10,nie,,,60,5,20,tak,August 2020,
CPI,2020-09-11T08:30:00-04:00,2020-09-11T12:30:00+00:00,2020-09-11,BLS,2020-09-11,nie,,,60,5,20,tak,August 2020,
FOMC,2020-09-16T14:00:00-04:00,2020-09-16T18:00:00+00:00,2020-09-16,Federal Reserve,2020-09-16,tak,2020-09-16T14:30:00-04:00,2020-09-16T18:30:00+00:00,60,5,20,tak,2020-09-16,
NFP,2020-10-02T08:30:00-04:00,2020-10-02T12:30:00+00:00,2020-10-02,BLS,2020-10-02,nie,,,60,5,20,tak,September 2020,
CPI,2020-10-13T08:30:00-04:00,2020-10-13T12:30:00+00:00,2020-10-13,BLS,2020-10-13,nie,,,60,5,20,tak,September 2020,
PPI,2020-10-14T08:30:00-04:00,2020-10-14T12:30:00+00:00,2020-10-14,BLS,2020-10-14,nie,,,60,5,20,tak,September 2020,
FOMC,2020-11-05T14:00:00-05:00,2020-11-05T19:00:00+00:00,2020-11-05,Federal Reserve,2020-11-05,tak,2020-11-05T14:30:00-05:00,2020-11-05T19:30:00+00:00,60,5,20,tak,2020-11-05,
NFP,2020-11-06T08:30:00-05:00,2020-11-06T13:30:00+00:00,2020-11-06,BLS,2020-11-06,nie,,,60,5,20,tak,October 2020,
CPI,2020-11-12T08:30:00-05:00,2020-11-12T13:30:00+00:00,2020-11-12,BLS,2020-11-12,nie,,,60,5,20,tak,October 2020,
PPI,2020-11-13T08:30:00-05:00,2020-11-13T13:30:00+00:00,2020-11-13,BLS,2020-11-13,nie,,,60,5,20,tak,October 2020,
NFP,2020-12-04T08:30:00-05:00,2020-12-04T13:30:00+00:00,2020-12-04,BLS,2020-12-04,nie,,,60,5,20,tak,November 2020,
CPI,2020-12-10T08:30:00-05:00,2020-12-10T13:30:00+00:00,2020-12-10,BLS,2020-12-10,nie,,,60,5,20,tak,November 2020,
PPI,2020-12-11T08:30:00-05:00,2020-12-11T13:30:00+00:00,2020-12-11,BLS,2020-12-11,nie,,,60,5,20,tak,November 2020,
FOMC,2020-12-16T14:00:00-05:00,2020-12-16T19:00:00+00:00,2020-12-16,Federal Reserve,2020-12-16,tak,2020-12-16T14:30:00-05:00,2020-12-16T19:30:00+00:00,60,5,20,tak,2020-12-16,
NFP,2021-01-08T08:30:00-05:00,2021-01-08T13:30:00+00:00,2021-01-08,BLS,2021-01-08,nie,,,60,5,20,tak,December 2020,
CPI,2021-01-13T08:30:00-05:00,2021-01-13T13:30:00+00:00,2021-01-13,BLS,2021-01-13,nie,,,60,5,20,tak,December 2020,
PPI,2021-01-15T08:30:00-05:00,2021-01-15T13:30:00+00:00,2021-01-15,BLS,2021-01-15,nie,,,60,5,20,tak,December 2020,
FOMC,2021-01-27T14:00:00-05:00,2021-01-27T19:00:00+00:00,2021-01-27,Federal Reserve,2021-01-27,tak,2021-01-27T14:30:00-05:00,2021-01-27T19:30:00+00:00,60,5,20,tak,2021-01-27,
NFP,2021-02-05T08:30:00-05:00,2021-02-05T13:30:00+00:00,2021-02-05,BLS,2021-02-05,nie,,,60,5,20,tak,January 2021,
CPI,2021-02-10T08:30:00-05:00,2021-02-10T13:30:00+00:00,2021-02-10,BLS,2021-02-10,nie,,,60,5,20,tak,January 2021,
PPI,2021-02-17T08:30:00-05:00,2021-02-17T13:30:00+00:00,2021-02-17,BLS,2021-02-17,nie,,,60,5,20,tak,January 2021,
NFP,2021-03-05T08:30:00-05:00,2021-03-05T13:30:00+00:00,2021-03-05,BLS,2021-03-05,nie,,,60,5,20,tak,February 2021,
CPI,2021-03-10T08:30:00-05:00,2021-03-10T13:30:00+00:00,2021-03-10,BLS,2021-03-10,nie,,,60,5,20,tak,February 2021,
PPI,2021-03-12T08:30:00-05:00,2021-03-12T13:30:00+00:00,2021-03-12,BLS,2021-03-12,nie,,,60,5,20,tak,February 2021,
FOMC,2021-03-17T14:00:00-04:00,2021-03-17T18:00:00+00:00,2021-03-17,Federal Reserve,2021-03-17,tak,2021-03-17T14:30:00-04:00,2021-03-17T18:30:00+00:00,60,5,20,tak,2021-03-17,
NFP,2021-04-02T08:30:00-04:00,2021-04-02T12:30:00+00:00,2021-04-02,BLS,,nie,,,60,5,20,tak,March 2021,
PPI,2021-04-09T08:30:00-04:00,2021-04-09T12:30:00+00:00,2021-04-09,BLS,2021-04-09,nie,,,60,5,20,tak,March 2021,
CPI,2021-04-13T08:30:00-04:00,2021-04-13T12:30:00+00:00,2021-04-13,BLS,2021-04-13,nie,,,60,5,20,tak,March 2021,
FOMC,2021-04-28T14:00:00-04:00,2021-04-28T18:00:00+00:00,2021-04-28,Federal Reserve,2021-04-28,tak,2021-04-28T14:30:00-04:00,2021-04-28T18:30:00+00:00,60,5,20,tak,2021-04-28,
NFP,2021-05-07T08:30:00-04:00,2021-05-07T12:30:00+00:00,2021-05-07,BLS,2021-05-07,nie,,,60,5,20,tak,April 2021,
CPI,2021-05-12T08:30:00-04:00,2021-05-12T12:30:00+00:00,2021-05-12,BLS,2021-05-12,nie,,,60,5,20,tak,April 2021,
PPI,2021-05-13T08:30:00-04:00,2021-05-13T12:30:00+00:00,2021-05-13,BLS,2021-05-13,nie,,,60,5,20,tak,April 2021,
NFP,2021-06-04T08:30:00-04:00,2021-06-04T12:30:00+00:00,2021-06-04,BLS,2021-06-04,nie,,,60,5,20,tak,May 2021,
CPI,2021-06-10T08:30:00-04:00,2021-06-10T12:30:00+00:00,2021-06-10,BLS,2021-06-10,nie,,,60,5,20,tak,May 2021,
PPI,2021-06-15T08:30:00-04:00,2021-06-15T12:30:00+00:00,2021-06-15,BLS,2021-06-15,nie,,,60,5,20,tak,May 2021,
FOMC,2021-06-16T14:00:00-04:00,2021-06-16T18:00:00+00:00,2021-06-16,Federal Reserve,2021-06-16,tak,2021-06-16T14:30:00-04:00,2021-06-16T18:30:00+00:00,60,5,20,tak,2021-06-16,
NFP,2021-07-02T08:30:00-04:00,2021-07-02T12:30:00+00:00,2021-07-02,BLS,2021-07-02,nie,,,60,5,20,tak,June 2021,
CPI,2021-07-13T08:30:00-04:00,2021-07-13T12:30:00+00:00,2021-07-13,BLS,2021-07-13,nie,,,60,5,20,tak,June 2021,
PPI,2021-07-14T08:30:00-04:00,2021-07-14T12:30:00+00:00,2021-07-14,BLS,2021-07-14,nie,,,60,5,20,tak,June 2021,
FOMC,2021-07-28T14:00:00-04:00,2021-07-28T18:00:00+00:00,2021-07-28,Federal Reserve,2021-07-28,tak,2021-07-28T14:30:00-04:00,2021-07-28T18:30:00+00:00,60,5,20,tak,2021-07-28,
NFP,2021-08-06T08:30:00-04:00,2021-08-06T12:30:00+00:00,2021-08-06,BLS,2021-08-06,nie,,,60,5,20,tak,July 2021,
CPI,2021-08-11T08:30:00-04:00,2021-08-11T12:30:00+00:00,2021-08-11,BLS,2021-08-11,nie,,,60,5,20,tak,July 2021,
PPI,2021-08-12T08:30:00-04:00,2021-08-12T12:30:00+00:00,2021-08-12,BLS,2021-08-12,nie,,,60,5,20,tak,July 2021,
NFP,2021-09-03T08:30:00-04:00,2021-09-03T12:30:00+00:00,2021-09-03,BLS,2021-09-03,nie,,,60,5,20,tak,August 2021,
PPI,2021-09-10T08:30:00-04:00,2021-09-10T12:30:00+00:00,2021-09-10,BLS,2021-09-10,nie,,,60,5,20,tak,August 2021,
CPI,2021-09-14T08:30:00-04:00,2021-09-14T12:30:00+00:00,2021-09-14,BLS,2021-09-14,nie,,,60,5,20,tak,August 2021,
FOMC,2021-09-22T14:00:00-04:00,2021-09-22T18:00:00+00:00,2021-09-22,Federal Reserve,2021-09-22,tak,2021-09-22T14:30:00-04:00,2021-09-22T18:30:00+00:00,60,5,20,tak,2021-09-22,
NFP,2021-10-08T08:30:00-04:00,2021-10-08T12:30:00+00:00,2021-10-08,BLS,2021-10-08,nie,,,60,5,20,tak,September 2021,
CPI,2021-10-13T08:30:00-04:00,2021-10-13T12:30:00+00:00,2021-10-13,BLS,2021-10-13,nie,,,60,5,20,tak,September 2021,
PPI,2021-10-14T08:30:00-04:00,2021-10-14T12:30:00+00:00,2021-10-14,BLS,2021-10-14,nie,,,60,5,20,tak,September 2021,
FOMC,2021-11-03T14:00:00-04:00,2021-11-03T18:00:00+00:00,2021-11-03,Federal Reserve,2021-11-03,tak,2021-11-03T14:30:00-04:00,2021-11-03T18:30:00+00:00,60,5,20,tak,2021-11-03,
NFP,2021-11-05T08:30:00-04:00,2021-11-05T12:30:00+00:00,2021-11-05,BLS,2021-11-05,nie,,,60,5,20,tak,October 2021,
PPI,2021-11-09T08:30:00-05:00,2021-11-09T13:30:00+00:00,2021-11-09,BLS,2021-11-09,nie,,,60,5,20,tak,October 2021,
CPI,2021-11-10T08:30:00-05:00,2021-11-10T13:30:00+00:00,2021-11-10,BLS,2021-11-10,nie,,,60,5,20,tak,October 2021,
NFP,2021-12-03T08:30:00-05:00,2021-12-03T13:30:00+00:00,2021-12-03,BLS,2021-12-03,nie,,,60,5,20,tak,November 2021,
CPI,2021-12-10T08:30:00-05:00,2021-12-10T13:30:00+00:00,2021-12-10,BLS,2021-12-10,nie,,,60,5,20,tak,November 2021,
PPI,2021-12-14T08:30:00-05:00,2021-12-14T13:30:00+00:00,2021-12-14,BLS,2021-12-14,nie,,,60,5,20,tak,November 2021,
FOMC,2021-12-15T14:00:00-05:00,2021-12-15T19:00:00+00:00,2021-12-15,Federal Reserve,2021-12-15,tak,2021-12-15T14:30:00-05:00,2021-12-15T19:30:00+00:00,60,5,20,tak,2021-12-15,
NFP,2022-01-07T08:30:00-05:00,2022-01-07T13:30:00+00:00,2022-01-07,BLS,2022-01-07,nie,,,60,5,20,tak,December 2021,
CPI,2022-01-12T08:30:00-05:00,2022-01-12T13:30:00+00:00,2022-01-12,BLS,2022-01-12,nie,,,60,5,20,tak,December 2021,
PPI,2022-01-13T08:30:00-05:00,2022-01-13T13:30:00+00:00,2022-01-13,BLS,2022-01-13,nie,,,60,5,20,tak,December 2021,
FOMC,2022-01-26T14:00:00-05:00,2022-01-26T19:00:00+00:00,2022-01-26,Federal Reserve,2022-01-26,tak,2022-01-26T14:30:00-05:00,2022-01-26T19:30:00+00:00,60,5,20,tak,2022-01-26,
NFP,2022-02-04T08:30:00-05:00,2022-02-04T13:30:00+00:00,2022-02-04,BLS,2022-02-04,nie,,,60,5,20,tak,January 2022,
CPI,2022-02-10T08:30:00-05:00,2022-02-10T13:30:00+00:00,2022-02-10,BLS,2022-02-10,nie,,,60,5,20,tak,January 2022,
PPI,2022-02-15T08:30:00-05:00,2022-02-15T13:30:00+00:00,2022-02-15,BLS,2022-02-15,nie,,,60,5,20,tak,January 2022,
NFP,2022-03-04T08:30:00-05:00,2022-03-04T13:30:00+00:00,2022-03-04,BLS,2022-03-04,nie,,,60,5,20,tak,February 2022,
CPI,2022-03-10T08:30:00-05:00,2022-03-10T13:30:00+00:00,2022-03-10,BLS,2022-03-10,nie,,,60,5,20,tak,February 2022,
PPI,2022-03-15T08:30:00-04:00,2022-03-15T12:30:00+00:00,2022-03-15,BLS,2022-03-15,nie,,,60,5,20,tak,February 2022,
FOMC,2022-03-16T14:00:00-04:00,2022-03-16T18:00:00+00:00,2022-03-16,Federal Reserve,2022-03-16,tak,2022-03-16T14:30:00-04:00,2022-03-16T18:30:00+00:00,60,5,20,tak,2022-03-16,
NFP,2022-04-01T08:30:00-04:00,2022-04-01T12:30:00+00:00,2022-04-01,BLS,2022-04-01,nie,,,60,5,20,tak,March 2022,
CPI,2022-04-12T08:30:00-04:00,2022-04-12T12:30:00+00:00,2022-04-12,BLS,2022-04-12,nie,,,60,5,20,tak,March 2022,
PPI,2022-04-13T08:30:00-04:00,2022-04-13T12:30:00+00:00,2022-04-13,BLS,2022-04-13,nie,,,60,5,20,tak,March 2022,
FOMC,2022-05-04T14:00:00-04:00,2022-05-04T18:00:00+00:00,2022-05-04,Federal Reserve,2022-05-04,tak,2022-05-04T14:30:00-04:00,2022-05-04T18:30:00+00:00,60,5,20,tak,2022-05-04,
NFP,2022-05-06T08:30:00-04:00,2022-05-06T12:30:00+00:00,2022-05-06,BLS,2022-05-06,nie,,,60,5,20,tak,April 2022,
CPI,2022-05-11T08:30:00-04:00,2022-05-11T12:30:00+00:00,2022-05-11,BLS,2022-05-11,nie,,,60,5,20,tak,April 2022,
PPI,2022-05-12T08:30:00-04:00,2022-05-12T12:30:00+00:00,2022-05-12,BLS,2022-05-12,nie,,,60,5,20,tak,April 2022,
NFP,2022-06-03T08:30:00-04:00,2022-06-03T12:30:00+00:00,2022-06-03,BLS,2022-06-03,nie,,,60,5,20,tak,May 2022,
CPI,2022-06-10T08:30:00-04:00,2022-06-10T12:30:00+00:00,2022-06-10,BLS,2022-06-10,nie,,,60,5,20,tak,May 2022,
PPI,2022-06-14T08:30:00-04:00,2022-06-14T12:30:00+00:00,2022-06-14,BLS,2022-06-14,nie,,,60,5,20,tak,May 2022,
FOMC,2022-06-15T14:00:00-04:00,2022-06-15T18:00:00+00:00,2022-06-15,Federal Reserve,2022-06-15,tak,2022-06-15T14:30:00-04:00,2022-06-15T18:30:00+00:00,60,5,20,tak,2022-06-15,
NFP,2022-07-08T08:30:00-04:00,2022-07-08T12:30:00+00:00,2022-07-08,BLS,2022-07-08,nie,,,60,5,20,tak,June 2022,
CPI,2022-07-13T08:30:00-04:00,2022-07-13T12:30:00+00:00,2022-07-13,BLS,2022-07-13,nie,,,60,5,20,tak,June 2022,
PPI,2022-07-14T08:30:00-04:00,2022-07-14T12:30:00+00:00,2022-07-14,BLS,2022-07-14,nie,,,60,5,20,tak,June 2022,
FOMC,2022-07-27T14:00:00-04:00,2022-07-27T18:00:00+00:00,2022-07-27,Federal Reserve,2022-07-27,tak,2022-07-27T14:30:00-04:00,2022-07-27T18:30:00+00:00,60,5,20,tak,2022-07-27,
NFP,2022-08-05T08:30:00-04:00,2022-08-05T12:30:00+00:00,2022-08-05,BLS,2022-08-05,nie,,,60,5,20,tak,July 2022,
CPI,2022-08-10T08:30:00-04:00,2022-08-10T12:30:00+00:00,2022-08-10,BLS,2022-08-10,nie,,,60,5,20,tak,July 2022,
PPI,2022-08-11T08:30:00-04:00,2022-08-11T12:30:00+00:00,2022-08-11,BLS,2022-08-11,nie,,,60,5,20,tak,July 2022,
NFP,2022-09-02T08:30:00-04:00,2022-09-02T12:30:00+00:00,2022-09-02,BLS,2022-09-02,nie,,,60,5,20,tak,August 2022,
CPI,2022-09-13T08:30:00-04:00,2022-09-13T12:30:00+00:00,2022-09-13,BLS,2022-09-13,nie,,,60,5,20,tak,August 2022,
PPI,2022-09-14T08:30:00-04:00,2022-09-14T12:30:00+00:00,2022-09-14,BLS,2022-09-14,nie,,,60,5,20,tak,August 2022,
FOMC,2022-09-21T14:00:00-04:00,2022-09-21T18:00:00+00:00,2022-09-21,Federal Reserve,2022-09-21,tak,2022-09-21T14:30:00-04:00,2022-09-21T18:30:00+00:00,60,5,20,tak,2022-09-21,
NFP,2022-10-07T08:30:00-04:00,2022-10-07T12:30:00+00:00,2022-10-07,BLS,2022-10-07,nie,,,60,5,20,tak,September 2022,
PPI,2022-10-12T08:30:00-04:00,2022-10-12T12:30:00+00:00,2022-10-12,BLS,2022-10-12,nie,,,60,5,20,tak,September 2022,
CPI,2022-10-13T08:30:00-04:00,2022-10-13T12:30:00+00:00,2022-10-13,BLS,2022-10-13,nie,,,60,5,20,tak,September 2022,
FOMC,2022-11-02T14:00:00-04:00,2022-11-02T18:00:00+00:00,2022-11-02,Federal Reserve,2022-11-02,tak,2022-11-02T14:30:00-04:00,2022-11-02T18:30:00+00:00,60,5,20,tak,2022-11-02,
NFP,2022-11-04T08:30:00-04:00,2022-11-04T12:30:00+00:00,2022-11-04,BLS,2022-11-04,nie,,,60,5,20,tak,October 2022,
CPI,2022-11-10T08:30:00-05:00,2022-11-10T13:30:00+00:00,2022-11-10,BLS,2022-11-10,nie,,,60,5,20,tak,October 2022,
PPI,2022-11-15T08:30:00-05:00,2022-11-15T13:30:00+00:00,2022-11-15,BLS,2022-11-15,nie,,,60,5,20,tak,October 2022,
NFP,2022-12-02T08:30:00-05:00,2022-12-02T13:30:00+00:00,2022-12-02,BLS,2022-12-02,nie,,,60,5,20,tak,November 2022,
PPI,2022-12-09T08:30:00-05:00,2022-12-09T13:30:00+00:00,2022-12-09,BLS,2022-12-09,nie,,,60,5,20,tak,November 2022,
CPI,2022-12-13T08:30:00-05:00,2022-12-13T13:30:00+00:00,2022-12-13,BLS,2022-12-13,nie,,,60,4,20,tak,November 2022,
FOMC,2022-12-14T14:00:00-05:00,2022-12-14T19:00:00+00:00,2022-12-14,Federal Reserve,2022-12-14,tak,2022-12-14T14:30:00-05:00,2022-12-14T19:30:00+00:00,60,5,20,tak,2022-12-14,
NFP,2023-01-06T08:30:00-05:00,2023-01-06T13:30:00+00:00,2023-01-06,BLS,2023-01-06,nie,,,60,5,20,tak,December 2022,
CPI,2023-01-12T08:30:00-05:00,2023-01-12T13:30:00+00:00,2023-01-12,BLS,2023-01-12,nie,,,60,5,20,tak,December 2022,
PPI,2023-01-18T08:30:00-05:00,2023-01-18T13:30:00+00:00,2023-01-18,BLS,2023-01-18,nie,,,60,5,20,tak,December 2022,
FOMC,2023-02-01T14:00:00-05:00,2023-02-01T19:00:00+00:00,2023-02-01,Federal Reserve,2023-02-01,tak,2023-02-01T14:30:00-05:00,2023-02-01T19:30:00+00:00,60,5,20,tak,2023-02-01,
NFP,2023-02-03T08:30:00-05:00,2023-02-03T13:30:00+00:00,2023-02-03,BLS,2023-02-03,nie,,,60,5,20,tak,January 2023,
CPI,2023-02-14T08:30:00-05:00,2023-02-14T13:30:00+00:00,2023-02-14,BLS,2023-02-14,nie,,,60,5,20,tak,January 2023,
PPI,2023-02-16T08:30:00-05:00,2023-02-16T13:30:00+00:00,2023-02-16,BLS,2023-02-16,nie,,,60,5,20,tak,January 2023,
NFP,2023-03-10T08:30:00-05:00,2023-03-10T13:30:00+00:00,2023-03-10,BLS,2023-03-10,nie,,,60,5,20,tak,February 2023,
CPI,2023-03-14T08:30:00-04:00,2023-03-14T12:30:00+00:00,2023-03-14,BLS,2023-03-14,nie,,,60,5,20,tak,February 2023,
PPI,2023-03-15T08:30:00-04:00,2023-03-15T12:30:00+00:00,2023-03-15,BLS,2023-03-15,nie,,,60,5,20,tak,February 2023,
FOMC,2023-03-22T14:00:00-04:00,2023-03-22T18:00:00+00:00,2023-03-22,Federal Reserve,2023-03-22,tak,2023-03-22T14:30:00-04:00,2023-03-22T18:30:00+00:00,60,5,20,tak,2023-03-22,
NFP,2023-04-07T08:30:00-04:00,2023-04-07T12:30:00+00:00,2023-04-07,BLS,,nie,,,60,5,20,tak,March 2023,
CPI,2023-04-12T08:30:00-04:00,2023-04-12T12:30:00+00:00,2023-04-12,BLS,2023-04-12,nie,,,60,5,20,tak,March 2023,
PPI,2023-04-13T08:30:00-04:00,2023-04-13T12:30:00+00:00,2023-04-13,BLS,2023-04-13,nie,,,60,5,20,tak,March 2023,
FOMC,2023-05-03T14:00:00-04:00,2023-05-03T18:00:00+00:00,2023-05-03,Federal Reserve,2023-05-03,tak,2023-05-03T14:30:00-04:00,2023-05-03T18:30:00+00:00,60,5,20,tak,2023-05-03,
NFP,2023-05-05T08:30:00-04:00,2023-05-05T12:30:00+00:00,2023-05-05,BLS,2023-05-05,nie,,,60,5,20,tak,April 2023,
CPI,2023-05-10T08:30:00-04:00,2023-05-10T12:30:00+00:00,2023-05-10,BLS,2023-05-10,nie,,,60,5,20,tak,April 2023,
PPI,2023-05-11T08:30:00-04:00,2023-05-11T12:30:00+00:00,2023-05-11,BLS,2023-05-11,nie,,,60,5,20,tak,April 2023,
NFP,2023-06-02T08:30:00-04:00,2023-06-02T12:30:00+00:00,2023-06-02,BLS,2023-06-02,nie,,,60,5,20,tak,May 2023,
CPI,2023-06-13T08:30:00-04:00,2023-06-13T12:30:00+00:00,2023-06-13,BLS,2023-06-13,nie,,,60,5,20,tak,May 2023,
PPI,2023-06-14T08:30:00-04:00,2023-06-14T12:30:00+00:00,2023-06-14,BLS,2023-06-14,nie,,,60,5,20,tak,May 2023,
FOMC,2023-06-14T14:00:00-04:00,2023-06-14T18:00:00+00:00,2023-06-14,Federal Reserve,2023-06-14,tak,2023-06-14T14:30:00-04:00,2023-06-14T18:30:00+00:00,60,5,20,tak,2023-06-14,
NFP,2023-07-07T08:30:00-04:00,2023-07-07T12:30:00+00:00,2023-07-07,BLS,2023-07-07,nie,,,60,5,20,tak,June 2023,
CPI,2023-07-12T08:30:00-04:00,2023-07-12T12:30:00+00:00,2023-07-12,BLS,2023-07-12,nie,,,60,5,20,tak,June 2023,
PPI,2023-07-13T08:30:00-04:00,2023-07-13T12:30:00+00:00,2023-07-13,BLS,2023-07-13,nie,,,60,5,20,tak,June 2023,
FOMC,2023-07-26T14:00:00-04:00,2023-07-26T18:00:00+00:00,2023-07-26,Federal Reserve,2023-07-26,tak,2023-07-26T14:30:00-04:00,2023-07-26T18:30:00+00:00,60,5,20,tak,2023-07-26,
NFP,2023-08-04T08:30:00-04:00,2023-08-04T12:30:00+00:00,2023-08-04,BLS,2023-08-04,nie,,,60,5,20,tak,July 2023,
CPI,2023-08-10T08:30:00-04:00,2023-08-10T12:30:00+00:00,2023-08-10,BLS,2023-08-10,nie,,,60,5,20,tak,July 2023,
PPI,2023-08-11T08:30:00-04:00,2023-08-11T12:30:00+00:00,2023-08-11,BLS,2023-08-11,nie,,,60,5,20,tak,July 2023,
NFP,2023-09-01T08:30:00-04:00,2023-09-01T12:30:00+00:00,2023-09-01,BLS,2023-09-01,nie,,,60,5,20,tak,August 2023,
CPI,2023-09-13T08:30:00-04:00,2023-09-13T12:30:00+00:00,2023-09-13,BLS,2023-09-13,nie,,,60,5,20,tak,August 2023,
PPI,2023-09-14T08:30:00-04:00,2023-09-14T12:30:00+00:00,2023-09-14,BLS,2023-09-14,nie,,,60,5,20,tak,August 2023,
FOMC,2023-09-20T14:00:00-04:00,2023-09-20T18:00:00+00:00,2023-09-20,Federal Reserve,2023-09-20,tak,2023-09-20T14:30:00-04:00,2023-09-20T18:30:00+00:00,60,5,20,tak,2023-09-20,
NFP,2023-10-06T08:30:00-04:00,2023-10-06T12:30:00+00:00,2023-10-06,BLS,2023-10-06,nie,,,60,5,20,tak,September 2023,
PPI,2023-10-11T08:30:00-04:00,2023-10-11T12:30:00+00:00,2023-10-11,BLS,2023-10-11,nie,,,60,5,20,tak,September 2023,
CPI,2023-10-12T08:30:00-04:00,2023-10-12T12:30:00+00:00,2023-10-12,BLS,2023-10-12,nie,,,60,5,20,tak,September 2023,
FOMC,2023-11-01T14:00:00-04:00,2023-11-01T18:00:00+00:00,2023-11-01,Federal Reserve,2023-11-01,tak,2023-11-01T14:30:00-04:00,2023-11-01T18:30:00+00:00,60,5,20,tak,2023-11-01,
NFP,2023-11-03T08:30:00-04:00,2023-11-03T12:30:00+00:00,2023-11-03,BLS,2023-11-03,nie,,,60,5,20,tak,October 2023,
CPI,2023-11-14T08:30:00-05:00,2023-11-14T13:30:00+00:00,2023-11-14,BLS,2023-11-14,nie,,,60,5,20,tak,October 2023,
PPI,2023-11-15T08:30:00-05:00,2023-11-15T13:30:00+00:00,2023-11-15,BLS,2023-11-15,nie,,,60,5,20,tak,October 2023,
NFP,2023-12-08T08:30:00-05:00,2023-12-08T13:30:00+00:00,2023-12-08,BLS,2023-12-08,nie,,,60,5,20,tak,November 2023,
CPI,2023-12-12T08:30:00-05:00,2023-12-12T13:30:00+00:00,2023-12-12,BLS,2023-12-12,nie,,,60,5,20,tak,November 2023,
PPI,2023-12-13T08:30:00-05:00,2023-12-13T13:30:00+00:00,2023-12-13,BLS,2023-12-13,nie,,,60,5,20,tak,November 2023,
FOMC,2023-12-13T14:00:00-05:00,2023-12-13T19:00:00+00:00,2023-12-13,Federal Reserve,2023-12-13,tak,2023-12-13T14:30:00-05:00,2023-12-13T19:30:00+00:00,60,5,20,tak,2023-12-13,
NFP,2024-01-05T08:30:00-05:00,2024-01-05T13:30:00+00:00,2024-01-05,BLS,2024-01-05,nie,,,60,5,20,tak,December 2023,
CPI,2024-01-11T08:30:00-05:00,2024-01-11T13:30:00+00:00,2024-01-11,BLS,2024-01-11,nie,,,60,5,20,tak,December 2023,
PPI,2024-01-12T08:30:00-05:00,2024-01-12T13:30:00+00:00,2024-01-12,BLS,2024-01-12,nie,,,60,5,20,tak,December 2023,
FOMC,2024-01-31T14:00:00-05:00,2024-01-31T19:00:00+00:00,2024-01-31,Federal Reserve,2024-01-31,tak,2024-01-31T14:30:00-05:00,2024-01-31T19:30:00+00:00,60,5,20,tak,2024-01-31,
NFP,2024-02-02T08:30:00-05:00,2024-02-02T13:30:00+00:00,2024-02-02,BLS,2024-02-02,nie,,,60,5,20,tak,January 2024,
CPI,2024-02-13T08:30:00-05:00,2024-02-13T13:30:00+00:00,2024-02-13,BLS,2024-02-13,nie,,,60,5,20,tak,January 2024,
PPI,2024-02-16T08:30:00-05:00,2024-02-16T13:30:00+00:00,2024-02-16,BLS,2024-02-16,nie,,,60,5,20,tak,January 2024,
NFP,2024-03-08T08:30:00-05:00,2024-03-08T13:30:00+00:00,2024-03-08,BLS,2024-03-08,nie,,,60,5,20,tak,February 2024,
CPI,2024-03-12T08:30:00-04:00,2024-03-12T12:30:00+00:00,2024-03-12,BLS,2024-03-12,nie,,,60,5,20,tak,February 2024,
PPI,2024-03-14T08:30:00-04:00,2024-03-14T12:30:00+00:00,2024-03-14,BLS,2024-03-14,nie,,,60,5,20,tak,February 2024,
FOMC,2024-03-20T14:00:00-04:00,2024-03-20T18:00:00+00:00,2024-03-20,Federal Reserve,2024-03-20,tak,2024-03-20T14:30:00-04:00,2024-03-20T18:30:00+00:00,60,5,20,tak,2024-03-20,
NFP,2024-04-05T08:30:00-04:00,2024-04-05T12:30:00+00:00,2024-04-05,BLS,2024-04-05,nie,,,60,5,20,tak,March 2024,
CPI,2024-04-10T08:30:00-04:00,2024-04-10T12:30:00+00:00,2024-04-10,BLS,2024-04-10,nie,,,60,5,20,tak,March 2024,
PPI,2024-04-11T08:30:00-04:00,2024-04-11T12:30:00+00:00,2024-04-11,BLS,2024-04-11,nie,,,60,5,20,tak,March 2024,
FOMC,2024-05-01T14:00:00-04:00,2024-05-01T18:00:00+00:00,2024-05-01,Federal Reserve,2024-05-01,tak,2024-05-01T14:30:00-04:00,2024-05-01T18:30:00+00:00,60,5,20,tak,2024-05-01,
NFP,2024-05-03T08:30:00-04:00,2024-05-03T12:30:00+00:00,2024-05-03,BLS,2024-05-03,nie,,,60,5,20,tak,April 2024,
PPI,2024-05-14T08:30:00-04:00,2024-05-14T12:30:00+00:00,2024-05-14,BLS,2024-05-14,nie,,,60,5,20,tak,April 2024,
CPI,2024-05-15T08:30:00-04:00,2024-05-15T12:30:00+00:00,2024-05-15,BLS,2024-05-15,nie,,,60,5,20,tak,April 2024,
NFP,2024-06-07T08:30:00-04:00,2024-06-07T12:30:00+00:00,2024-06-07,BLS,2024-06-07,nie,,,60,5,20,tak,May 2024,
CPI,2024-06-12T08:30:00-04:00,2024-06-12T12:30:00+00:00,2024-06-12,BLS,2024-06-12,nie,,,60,5,20,tak,May 2024,
FOMC,2024-06-12T14:00:00-04:00,2024-06-12T18:00:00+00:00,2024-06-12,Federal Reserve,2024-06-12,tak,2024-06-12T14:30:00-04:00,2024-06-12T18:30:00+00:00,60,5,20,tak,2024-06-12,
PPI,2024-06-13T08:30:00-04:00,2024-06-13T12:30:00+00:00,2024-06-13,BLS,2024-06-13,nie,,,60,5,20,tak,May 2024,
NFP,2024-07-05T08:30:00-04:00,2024-07-05T12:30:00+00:00,2024-07-05,BLS,2024-07-05,nie,,,60,5,20,tak,June 2024,
CPI,2024-07-11T08:30:00-04:00,2024-07-11T12:30:00+00:00,2024-07-11,BLS,2024-07-11,nie,,,60,5,20,tak,June 2024,
PPI,2024-07-12T08:30:00-04:00,2024-07-12T12:30:00+00:00,2024-07-12,BLS,2024-07-12,nie,,,60,5,20,tak,June 2024,
FOMC,2024-07-31T14:00:00-04:00,2024-07-31T18:00:00+00:00,2024-07-31,Federal Reserve,2024-07-31,tak,2024-07-31T14:30:00-04:00,2024-07-31T18:30:00+00:00,60,5,20,tak,2024-07-31,
NFP,2024-08-02T08:30:00-04:00,2024-08-02T12:30:00+00:00,2024-08-02,BLS,2024-08-02,nie,,,60,5,20,tak,July 2024,
PPI,2024-08-13T08:30:00-04:00,2024-08-13T12:30:00+00:00,2024-08-13,BLS,2024-08-13,nie,,,60,5,20,tak,July 2024,
CPI,2024-08-14T08:30:00-04:00,2024-08-14T12:30:00+00:00,2024-08-14,BLS,2024-08-14,nie,,,60,5,20,tak,July 2024,
NFP,2024-09-06T08:30:00-04:00,2024-09-06T12:30:00+00:00,2024-09-06,BLS,2024-09-06,nie,,,60,5,20,tak,August 2024,
CPI,2024-09-11T08:30:00-04:00,2024-09-11T12:30:00+00:00,2024-09-11,BLS,2024-09-11,nie,,,60,5,20,tak,August 2024,
PPI,2024-09-12T08:30:00-04:00,2024-09-12T12:30:00+00:00,2024-09-12,BLS,2024-09-12,nie,,,60,5,20,tak,August 2024,
FOMC,2024-09-18T14:00:00-04:00,2024-09-18T18:00:00+00:00,2024-09-18,Federal Reserve,2024-09-18,tak,2024-09-18T14:30:00-04:00,2024-09-18T18:30:00+00:00,60,5,20,tak,2024-09-18,
NFP,2024-10-04T08:30:00-04:00,2024-10-04T12:30:00+00:00,2024-10-04,BLS,2024-10-04,nie,,,60,5,20,tak,September 2024,
CPI,2024-10-10T08:30:00-04:00,2024-10-10T12:30:00+00:00,2024-10-10,BLS,2024-10-10,nie,,,60,5,20,tak,September 2024,
PPI,2024-10-11T08:30:00-04:00,2024-10-11T12:30:00+00:00,2024-10-11,BLS,2024-10-11,nie,,,60,5,20,tak,September 2024,
NFP,2024-11-01T08:30:00-04:00,2024-11-01T12:30:00+00:00,2024-11-01,BLS,2024-11-01,nie,,,60,5,20,tak,October 2024,
FOMC,2024-11-07T14:00:00-05:00,2024-11-07T19:00:00+00:00,2024-11-07,Federal Reserve,2024-11-07,tak,2024-11-07T14:30:00-05:00,2024-11-07T19:30:00+00:00,60,5,20,tak,2024-11-07,
CPI,2024-11-13T08:30:00-05:00,2024-11-13T13:30:00+00:00,2024-11-13,BLS,2024-11-13,nie,,,60,5,20,tak,October 2024,
PPI,2024-11-14T08:30:00-05:00,2024-11-14T13:30:00+00:00,2024-11-14,BLS,2024-11-14,nie,,,60,5,20,tak,October 2024,
NFP,2024-12-06T08:30:00-05:00,2024-12-06T13:30:00+00:00,2024-12-06,BLS,2024-12-06,nie,,,60,5,20,tak,November 2024,
CPI,2024-12-11T08:30:00-05:00,2024-12-11T13:30:00+00:00,2024-12-11,BLS,2024-12-11,nie,,,60,5,20,tak,November 2024,
PPI,2024-12-12T08:30:00-05:00,2024-12-12T13:30:00+00:00,2024-12-12,BLS,2024-12-12,nie,,,60,5,20,tak,November 2024,
FOMC,2024-12-18T14:00:00-05:00,2024-12-18T19:00:00+00:00,2024-12-18,Federal Reserve,2024-12-18,tak,2024-12-18T14:30:00-05:00,2024-12-18T19:30:00+00:00,60,5,20,tak,2024-12-18,
NFP,2025-01-10T08:30:00-05:00,2025-01-10T13:30:00+00:00,2025-01-10,BLS,2025-01-10,nie,,,60,5,20,tak,December 2024,
PPI,2025-01-14T08:30:00-05:00,2025-01-14T13:30:00+00:00,2025-01-14,BLS,2025-01-14,nie,,,60,5,20,tak,December 2024,
CPI,2025-01-15T08:30:00-05:00,2025-01-15T13:30:00+00:00,2025-01-15,BLS,2025-01-15,nie,,,60,5,20,tak,December 2024,
FOMC,2025-01-29T14:00:00-05:00,2025-01-29T19:00:00+00:00,2025-01-29,Federal Reserve,2025-01-29,tak,2025-01-29T14:30:00-05:00,2025-01-29T19:30:00+00:00,60,5,20,tak,2025-01-29,
NFP,2025-02-07T08:30:00-05:00,2025-02-07T13:30:00+00:00,2025-02-07,BLS,2025-02-07,nie,,,60,5,20,tak,January 2025,
CPI,2025-02-12T08:30:00-05:00,2025-02-12T13:30:00+00:00,2025-02-12,BLS,2025-02-12,nie,,,60,5,20,tak,January 2025,
PPI,2025-02-13T08:30:00-05:00,2025-02-13T13:30:00+00:00,2025-02-13,BLS,2025-02-13,nie,,,60,5,20,tak,January 2025,
NFP,2025-03-07T08:30:00-05:00,2025-03-07T13:30:00+00:00,2025-03-07,BLS,2025-03-07,nie,,,60,5,20,tak,February 2025,
CPI,2025-03-12T08:30:00-04:00,2025-03-12T12:30:00+00:00,2025-03-12,BLS,2025-03-12,nie,,,60,5,20,tak,February 2025,
PPI,2025-03-13T08:30:00-04:00,2025-03-13T12:30:00+00:00,2025-03-13,BLS,2025-03-13,nie,,,60,5,20,tak,February 2025,
FOMC,2025-03-19T14:00:00-04:00,2025-03-19T18:00:00+00:00,2025-03-19,Federal Reserve,2025-03-19,tak,2025-03-19T14:30:00-04:00,2025-03-19T18:30:00+00:00,60,5,20,tak,2025-03-19,
NFP,2025-04-04T08:30:00-04:00,2025-04-04T12:30:00+00:00,2025-04-04,BLS,2025-04-04,nie,,,60,5,20,tak,March 2025,
CPI,2025-04-10T08:30:00-04:00,2025-04-10T12:30:00+00:00,2025-04-10,BLS,2025-04-10,nie,,,60,5,20,tak,March 2025,
PPI,2025-04-11T08:30:00-04:00,2025-04-11T12:30:00+00:00,2025-04-11,BLS,2025-04-11,nie,,,60,5,20,tak,March 2025,
NFP,2025-05-02T08:30:00-04:00,2025-05-02T12:30:00+00:00,2025-05-02,BLS,2025-05-02,nie,,,60,5,20,tak,April 2025,
FOMC,2025-05-07T14:00:00-04:00,2025-05-07T18:00:00+00:00,2025-05-07,Federal Reserve,2025-05-07,tak,2025-05-07T14:30:00-04:00,2025-05-07T18:30:00+00:00,60,5,20,tak,2025-05-07,
CPI,2025-05-13T08:30:00-04:00,2025-05-13T12:30:00+00:00,2025-05-13,BLS,2025-05-13,nie,,,60,5,20,tak,April 2025,
PPI,2025-05-15T08:30:00-04:00,2025-05-15T12:30:00+00:00,2025-05-15,BLS,2025-05-15,nie,,,60,5,20,tak,April 2025,
NFP,2025-06-06T08:30:00-04:00,2025-06-06T12:30:00+00:00,2025-06-06,BLS,2025-06-06,nie,,,60,5,20,tak,May 2025,
CPI,2025-06-11T08:30:00-04:00,2025-06-11T12:30:00+00:00,2025-06-11,BLS,2025-06-11,nie,,,60,5,20,tak,May 2025,
PPI,2025-06-12T08:30:00-04:00,2025-06-12T12:30:00+00:00,2025-06-12,BLS,2025-06-12,nie,,,60,5,20,tak,May 2025,
FOMC,2025-06-18T14:00:00-04:00,2025-06-18T18:00:00+00:00,2025-06-18,Federal Reserve,2025-06-18,tak,2025-06-18T14:30:00-04:00,2025-06-18T18:30:00+00:00,60,5,20,tak,2025-06-18,
NFP,2025-07-03T08:30:00-04:00,2025-07-03T12:30:00+00:00,2025-07-03,BLS,2025-07-03,nie,,,60,5,20,tak,June 2025,dzien skrocony
CPI,2025-07-15T08:30:00-04:00,2025-07-15T12:30:00+00:00,2025-07-15,BLS,2025-07-15,nie,,,60,5,20,tak,June 2025,
PPI,2025-07-16T08:30:00-04:00,2025-07-16T12:30:00+00:00,2025-07-16,BLS,2025-07-16,nie,,,60,5,20,tak,June 2025,
FOMC,2025-07-30T14:00:00-04:00,2025-07-30T18:00:00+00:00,2025-07-30,Federal Reserve,2025-07-30,tak,2025-07-30T14:30:00-04:00,2025-07-30T18:30:00+00:00,60,5,20,tak,2025-07-30,
NFP,2025-08-01T08:30:00-04:00,2025-08-01T12:30:00+00:00,2025-08-01,BLS,2025-08-01,nie,,,60,5,20,tak,July 2025,
CPI,2025-08-12T08:30:00-04:00,2025-08-12T12:30:00+00:00,2025-08-12,BLS,2025-08-12,nie,,,60,5,20,tak,July 2025,
PPI,2025-08-14T08:30:00-04:00,2025-08-14T12:30:00+00:00,2025-08-14,BLS,2025-08-14,nie,,,60,5,20,tak,July 2025,
FOMC,2025-08-22T10:00:00-04:00,2025-08-22T14:00:00+00:00,2025-08-22,Federal Reserve,2025-08-22,nie,,,60,5,20,tak,2025-08-22,poza planowym posiedzeniem
NFP,2025-09-05T08:30:00-04:00,2025-09-05T12:30:00+00:00,2025-09-05,BLS,2025-09-05,nie,,,60,5,20,tak,August 2025,
PPI,2025-09-10T08:30:00-04:00,2025-09-10T12:30:00+00:00,2025-09-10,BLS,2025-09-10,nie,,,60,5,20,tak,August 2025,
CPI,2025-09-11T08:30:00-04:00,2025-09-11T12:30:00+00:00,2025-09-11,BLS,2025-09-11,nie,,,60,5,20,tak,August 2025,
FOMC,2025-09-17T14:00:00-04:00,2025-09-17T18:00:00+00:00,2025-09-17,Federal Reserve,2025-09-17,tak,2025-09-17T14:30:00-04:00,2025-09-17T18:30:00+00:00,60,5,20,tak,2025-09-17,
CPI,2025-10-24T08:30:00-04:00,2025-10-24T12:30:00+00:00,2025-10-24,BLS,2025-10-24,nie,,,60,5,20,tak,September 2025,
FOMC,2025-10-29T14:00:00-04:00,2025-10-29T18:00:00+00:00,2025-10-29,Federal Reserve,2025-10-29,tak,2025-10-29T14:30:00-04:00,2025-10-29T18:30:00+00:00,60,5,20,tak,2025-10-29,
NFP,2025-11-20T08:30:00-05:00,2025-11-20T13:30:00+00:00,2025-11-20,BLS,2025-11-20,nie,,,60,5,20,tak,September 2025,
PPI,2025-11-25T08:30:00-05:00,2025-11-25T13:30:00+00:00,2025-11-25,BLS,2025-11-25,nie,,,60,5,20,tak,September 2025,
FOMC,2025-12-10T14:00:00-05:00,2025-12-10T19:00:00+00:00,2025-12-10,Federal Reserve,2025-12-10,tak,2025-12-10T14:30:00-05:00,2025-12-10T19:30:00+00:00,60,5,20,tak,2025-12-10,
NFP,2025-12-16T08:30:00-05:00,2025-12-16T13:30:00+00:00,2025-12-16,BLS,2025-12-16,nie,,,60,5,20,tak,November 2025,
CPI,2025-12-18T08:30:00-05:00,2025-12-18T13:30:00+00:00,2025-12-18,BLS,2025-12-18,nie,,,60,5,20,tak,November 2025,
NFP,2026-01-09T08:30:00-05:00,2026-01-09T13:30:00+00:00,2026-01-09,BLS,2026-01-09,nie,,,60,5,20,tak,December 2025,
CPI,2026-01-13T08:30:00-05:00,2026-01-13T13:30:00+00:00,2026-01-13,BLS,2026-01-13,nie,,,60,5,20,tak,December 2025,
PPI,2026-01-14T08:30:00-05:00,2026-01-14T13:30:00+00:00,2026-01-14,BLS,2026-01-14,nie,,,60,5,20,tak,November 2025,
FOMC,2026-01-28T14:00:00-05:00,2026-01-28T19:00:00+00:00,2026-01-28,Federal Reserve,2026-01-28,nie,,,60,5,20,tak,2026-01-28,
PPI,2026-01-30T08:30:00-05:00,2026-01-30T13:30:00+00:00,2026-01-30,BLS,2026-01-30,nie,,,60,5,20,tak,December 2025,
NFP,2026-02-11T08:30:00-05:00,2026-02-11T13:30:00+00:00,2026-02-11,BLS,2026-02-11,nie,,,60,5,20,tak,January 2026,
CPI,2026-02-13T08:30:00-05:00,2026-02-13T13:30:00+00:00,2026-02-13,BLS,2026-02-13,nie,,,60,5,20,tak,January 2026,
PPI,2026-02-27T08:30:00-05:00,2026-02-27T13:30:00+00:00,2026-02-27,BLS,2026-02-27,nie,,,60,5,20,tak,January 2026,
NFP,2026-03-06T08:30:00-05:00,2026-03-06T13:30:00+00:00,2026-03-06,BLS,2026-03-06,nie,,,60,5,20,tak,February 2026,
CPI,2026-03-11T08:30:00-04:00,2026-03-11T12:30:00+00:00,2026-03-11,BLS,2026-03-11,nie,,,60,5,20,tak,February 2026,
PPI,2026-03-18T08:30:00-04:00,2026-03-18T12:30:00+00:00,2026-03-18,BLS,2026-03-18,nie,,,60,5,20,tak,February 2026,
FOMC,2026-03-18T14:00:00-04:00,2026-03-18T18:00:00+00:00,2026-03-18,Federal Reserve,2026-03-18,tak,2026-03-18T14:30:00-04:00,2026-03-18T18:30:00+00:00,60,5,20,tak,2026-03-18,
NFP,2026-04-03T08:30:00-04:00,2026-04-03T12:30:00+00:00,2026-04-03,BLS,,nie,,,60,5,20,tak,March 2026,
CPI,2026-04-10T08:30:00-04:00,2026-04-10T12:30:00+00:00,2026-04-10,BLS,2026-04-10,nie,,,60,5,20,tak,March 2026,
PPI,2026-04-14T08:30:00-04:00,2026-04-14T12:30:00+00:00,2026-04-14,BLS,2026-04-14,nie,,,60,5,20,tak,March 2026,
FOMC,2026-04-29T14:00:00-04:00,2026-04-29T18:00:00+00:00,2026-04-29,Federal Reserve,2026-04-29,tak,2026-04-29T14:30:00-04:00,2026-04-29T18:30:00+00:00,60,5,20,tak,2026-04-29,
NFP,2026-05-08T08:30:00-04:00,2026-05-08T12:30:00+00:00,2026-05-08,BLS,2026-05-08,nie,,,60,5,20,tak,April 2026,
CPI,2026-05-12T08:30:00-04:00,2026-05-12T12:30:00+00:00,2026-05-12,BLS,2026-05-12,nie,,,60,5,20,tak,April 2026,
PPI,2026-05-13T08:30:00-04:00,2026-05-13T12:30:00+00:00,2026-05-13,BLS,2026-05-13,nie,,,60,5,20,tak,April 2026,
NFP,2026-06-05T08:30:00-04:00,2026-06-05T12:30:00+00:00,2026-06-05,BLS,2026-06-05,nie,,,60,5,20,tak,May 2026,
CPI,2026-06-10T08:30:00-04:00,2026-06-10T12:30:00+00:00,2026-06-10,BLS,2026-06-10,nie,,,60,5,20,tak,May 2026,
PPI,2026-06-11T08:30:00-04:00,2026-06-11T12:30:00+00:00,2026-06-11,BLS,2026-06-11,nie,,,60,5,20,tak,May 2026,
FOMC,2026-06-17T14:00:00-04:00,2026-06-17T18:00:00+00:00,2026-06-17,Federal Reserve,2026-06-17,tak,2026-06-17T14:30:00-04:00,2026-06-17T18:30:00+00:00,60,5,20,tak,2026-06-17,
NFP,2026-07-02T08:30:00-04:00,2026-07-02T12:30:00+00:00,2026-07-02,BLS,2026-07-02,nie,,,60,5,20,tak,June 2026,
CPI,2026-07-14T08:30:00-04:00,2026-07-14T12:30:00+00:00,2026-07-14,BLS,2026-07-14,nie,,,60,5,20,tak,June 2026,
PPI,2026-07-15T08:30:00-04:00,2026-07-15T12:30:00+00:00,2026-07-15,BLS,2026-07-15,nie,,,60,5,20,tak,June 2026,
FOMC,2026-07-29T14:00:00-04:00,2026-07-29T18:00:00+00:00,2026-07-29,Federal Reserve,2026-07-29,tak,2026-07-29T14:30:00-04:00,2026-07-29T18:30:00+00:00,60,5,20,tak,2026-07-29,
